ticker,longName,currentPrice,sharesOutstanding,52WeekHigh,52WeekLow,benchmark,ipoDate,expenseRatio,fundManager,navPrice,monthChange,quarterChange,yearChange
AAXJ,iShares MSCI All Country Asia ex Japan ETF,78.61,2566745344,82.25,61.3,-,-,-,iShares,76.74338,-3.102449715,8.770431134,8.711247153
ACWI,iShares MSCI ACWI ETF,121.62,18979438592,121.86,93.86,-,-,-,iShares,120.36593,1.582781452,10.23264453,11.15805202
ACWV,iShares MSCI Global Min Vol Factor ETF,114.6,4294985216,115.59,95.97,-,-,-,iShares,113.95109,0.728896269,6.361276746,10.74357068
ACWX,iShares MSCI ACWI ex U.S. ETF,55.69,4575259136,57.96,47.07,-,-,-,iShares,54.82989,-2.855117269,4.502099757,3.025149253
AFK,VanEck Africa Index ETF,16.81,51490724,17.25,12.84,-,-,-,VanEck,16.88,-2.215573786,7.57575491,6.107859385
AGG,iShares Core U.S. Aggregate Bond ETF,98.33,1.1866E+11,102.04,93.53,-,-,-,iShares,97.5679,-0.662277541,0.231982536,4.065015486
AGQ,ProShares Ultra Silver,41.76,732479360,50.13,22.79,-,-,-,ProShares,41.192,-0.498382152,24.19906193,9.667675014
AGZD,WisdomTree Interest Rate Hedged U.S. Aggregate Bond Fund,22.44,128755120,22.87,21.68,-,-,-,WisdomTree,22.447,0.851638452,2.561017236,3.488443296
AIA,iShares Asia 50 ETF,74.96,855852160,77.44,52.02,-,-,-,iShares,72.60267,-1.888066753,12.8782055,12.68972652
AMLP,Alerian MLP ETF,48.35,8870588416,49.44,41.06,-,-,-,ALPS,48.4442,1.367560578,4.060477536,4.62937052
ANGL,VanEck Fallen Angel High Yield Bond ETF,29.08,3048530432,29.47,26.98,-,-,-,VanEck,28.97,0.9275179,2.937816239,4.700505606
AOA,iShares Core Aggressive Allocation ETF,79.24,2066474752,79.33,63.85,-,-,-,iShares,78.41191,1.009834146,7.451721049,8.820604546
AOK,iShares Core Conservative Allocation ETF,38.11,605089856,38.77,33.96,-,-,-,iShares,37.82365,0.015631689,2.959784837,5.663198651
AOM,iShares Core Moderate Allocation ETF,44.6,1416140032,45.31,38.92,-,-,-,iShares,44.20862,0.292531665,3.554829802,6.100159026
AOR,iShares Core Growth Allocation ETF,59.06,2153542912,59.48,49.52,-,-,-,iShares,58.49384,0.717455009,5.587390622,7.447640512
ARGT,Global X MSCI Argentina ETF,74.54,460363904,77.21,39.99,-,-,-,Global X Funds,74.22,5.765128899,27.11719774,17.85406881
ASEA,Global X FTSE Southeast Asia ETF,16.98,58021512,18.04,14.36,-,-,-,Global X Funds,16.78,-0.29445959,11.38158235,16.01972762
ASHR,Xtrackers Harvest CSI 300 China A-Shares ETF,29.69,3457444352,35.72,21.56,-,-,-,Xtrackers,29.084,-3.054492111,18.95230345,10.30805941
BAB,Invesco Taxable Municipal Bond ETF,26.69,1070050304,28.12,25.04,-,-,-,Invesco,26.51,-0.711056378,0.154847768,3.987616028
BIL,SPDR Bloomberg 1-3 Month T-Bill ETF,91.53,33638907904,91.85,91.21,-,-,-,SPDR State Street Global Advisors,91.52464,0.425501654,0.893558309,2.178225272
BIV,Vanguard Intermediate-Term Bond Index Fund,75.8,41586671616,78.89,71.91,-,-,-,Vanguard,75.73,-0.978482524,-0.407991319,3.860827907
BIZD,VanEck BDC Income ETF,16.35,1216524032,17.39,15.18,-,-,-,VanEck,16.32,0.802959583,3.030300111,-1.273054879
BKLN,Invesco Senior Loan ETF,21.13,7611927552,21.25,20.61,-,-,-,Invesco,21.08,0.976868468,3.275187848,4.327515674
BLV,Vanguard Long-Term Bond Fund,71.08,8797117440,76.87,66.13,-,-,-,Vanguard,70.93,-0.970475891,-0.16025248,5.162543528
BND,Vanguard Total Bond Market Index Fund,72.95,3.38043E+11,75.67,69.36,-,-,-,Vanguard,72.87,-0.665444589,-0.064748929,3.689508107
BNDX,Vanguard Total International Bond Index Fund,49.76,98738577408,51.04,48.19,-,-,-,Vanguard,49.61,0.136886177,1.049016913,3.296625008
BNO,United States Brent Oil Fund LP,30.02,134726240,33.91,25.92,-,-,-,USCF Investments,30.116,-6.030629804,-3.284072167,-5.970622446
BOIL,ProShares Ultra Bloomberg Natural Gas,36.99,556146688,275.2,8.92,-,-,-,ProShares,36.76,-25.40372806,-30.30948115,-55.60074171
BOND,PIMCO Active Bond Exchange-Traded Fund,91.71,4952973824,95.32,87.06,-,-,-,PIMCO,91.75,-0.836658363,-0.272280661,3.669982075
BRZU,Direxion Daily MSCI Brazil Bull 2X Shares,63.26,107986040,105.38,56.53,-,-,-,Direxion Funds,63.304,-6.646253851,-7.551276845,-23.54093417
BSV,Vanguard Short-Term Bond Index Fund ETF Shares,77.49,58553761792,79.02,75.14,-,-,-,Vanguard,77.45,-0.353937246,0.182753141,3.013198805
BTAL,AGF U.S. Market Neutral Anti-Beta Fund,19.39,413701184,21.3,16.59,-,-,-,AGF Investments LLC,19.3124,-2.034586071,-6.686042643,2.012717611
BWX,SPDR Bloomberg International Treasury Bond ETF,22.1,979828800,23.52,21.28,-,-,-,SPDR State Street Global Advisors,22.05185,-2.352733411,-1.894574989,1.608779248
BWZ,SPDR Bloomberg Short Term International Treasury Bond ETF,26.2767,139662688,27.87,25.48,-,-,-,SPDR State Street Global Advisors,26.27505,-1.821561426,-1.177148396,1.402011794
BZQ,ProShares UltraShort MSCI Brazil Capped,13.75,8680631,16.25,9.82,-,-,-,ProShares,13.7493,5.939125277,4.700413339,23.38907779
CANE,Teucrium Sugar Fund,12.99,18026580,15.45,10.91,-,-,-,Teucrium,12.8075,-0.310800017,13.339225,7.095162053
CEMB,iShares J.P. Morgan EM Corporate Bond ETF,45.08,444434976,46.15,41.84,-,-,-,iShares,44.78175,-0.299859656,1.516412941,4.660354584
CGW,Invesco S&P Global Water Index ETF,59.16,970992512,61.55,47.41,-,-,-,Invesco,59.29,-1.191679888,2.329219852,0.735797939
CHIQ,Global X MSCI China Consumer Discretionary ETF,21.79,242442624,25,14.77,-,-,-,Global X Funds,21.44,-6.865395629,27.67802679,8.486776303
CMBS,iShares CMBS ETF,47.32,456019200,49.18,44.69,-,-,-,iShares,47.18731,-0.63423072,0.141314292,3.89067179
CMF,iShares California Muni Bond ETF,57,3123421696,58.18,55.31,-,-,-,iShares,56.80599,-0.046871436,0.586032313,1.53881956
COPX,Global X Copper Miners ETF,46.46,2554163968,52.9,32.09,-,-,-,Global X Funds,46.11,-4.646642543,11.02163329,-7.589856211
CORN,Teucrium Corn Fund,18.38,62129232,22.41,17.02,-,-,-,Teucrium,18.2796,0.983608266,5.17928209,-9.54479067
CORP,PIMCO Investment Grade Corporate Bond Index Exchange-Traded Fund,96.7275,1265659136,100.09,90.75,-,-,-,PIMCO,96.74,-0.426041175,1.243612986,4.681764966
CPER,United States Copper Index Fund LP,27.84,175856896,31.63,22.65,-,-,-,USCF Investments,27.829,-2.657090704,8.570289771,-5.110252363
CQQQ,Invesco China Technology ETF,44.7,767347520,50.98,27.68,-,-,-,Invesco,42.59,-2.10696892,29.77285575,17.37922888
CURE,Direxion Daily Healthcare Bull 3X Shares,119.09,153897616,143.51,80.6,-,-,-,Direxion Funds,118.731,-6.185807241,-0.822149637,8.707561548
CWB,SPDR Bloomberg Convertible Securities ETF,78.59,3799250944,78.94,65.77,-,-,-,SPDR State Street Global Advisors,78.5735,3.158088754,10.11084231,10.90142473
CWI,SPDR MSCI ACWI ex-US ETF,29.76,1604836608,30.93,24.92,-,-,-,SPDR State Street Global Advisors,29.60808,-2.365093208,5.091431005,3.582428073
CXSE,WisdomTree China ex-State-Owned Enterprises Fund,34.03,420444768,39.71,23.29,-,-,-,WisdomTree,33.36371,-6.266480553,22.12991614,11.08445239
DBA,Invesco DB Agriculture Fund,25.71,734755392,27.1,20.39,-,-,-,Invesco,25.09,-1.125779942,7.106806467,4.385244719
DBB,Invesco DB Base Metals Fund,20.9,128450368,21.98,16.77,-,-,-,Invesco,20.23,-1.783136575,10.88139332,0.098224704
DBC,Invesco DB Commodity Index Tracking Fund,22.85,1431816704,24.58,20.9,-,-,-,Invesco,22.59,-3.267412818,1.902174265,-3.516293763
DBEF,Xtrackers MSCI EAFE Hedged Equity ETF,42.01,6446440448,42.64,34.93,-,-,-,Xtrackers,41.743,-1.187084551,5.101011454,0.81304201
DBEU,Xtrackers MSCI Europe Hedged Equity ETF,41.43,544046784,42.79,35.25,-,-,-,Xtrackers,41.436,-2.08531055,2.049883877,-1.621425147
DBJP,Xtrackers MSCI Japan Hedged Equity ETF,75.0428,410792448,79.51,58.75,-,-,-,Xtrackers,74.751,1.145355889,11.64960503,2.950869282
DBO,Invesco DB Oil Fund,14.83,222450896,16.39,13.17,-,-,-,Invesco,14.77,-5.706874903,-2.872413477,-5.461639443
DDM,ProShares Ultra Dow30,101.33,416962464,103.27,65.6,-,-,-,ProShares,94.6116,6.67846248,22.91720544,21.79110596
DEM,WisdomTree Emerging Markets High Dividend Fund,43.18,2844114176,45.47,37.51,-,-,-,WisdomTree,42.81861,-4.011849474,2.830710776,0.772272992
DES,WisdomTree U.S. SmallCap Dividend Fund,36.44,2008536448,37.03,27.61,-,-,-,WisdomTree,34.554,9.031370349,14.31367521,15.68368183
DEW,WisdomTree Global High Dividend Fund,54.8008,108040240,55.86,44.51,-,-,-,WisdomTree,54.75299,0.496872391,6.700206869,9.628078763
DFJ,WisdomTree Japan SmallCap Dividend Fund,76.6685,243086688,81.8,67.91,-,-,-,WisdomTree,76.66692,-3.461882692,4.365559341,-0.427782078
DGP,DB Gold Double Long ETN,70.2871,131835912,74.75,39.2,-,-,-,Deutsche Bank AG,68.3248,3.468899208,20.05551298,26.02439836
DGRE,WisdomTree Emerging Markets Quality Dividend Growth Fund,26.57,141711200,28.459,22.36,-,-,-,WisdomTree,26.40064,-3.07267381,1.667510353,4.02733295
DGRS,WisdomTree U.S. SmallCap Quality Dividend Growth Fund,54.86,410205856,55.44,40.04,-,-,-,WisdomTree,51.796,9.5675521,14.72050066,13.56831824
DGRW,WisdomTree U.S. Quality Dividend Growth Fund,85.24,14542428160,85.89,65.22,-,-,-,WisdomTree,84.695,2.667120095,10.87957435,14.69386613
DGS,WisdomTree Emerging Markets SmallCap Dividend Fund,52.1,2122626816,54.41,45.57,-,-,-,WisdomTree,51.93892,-3.025114367,2.513032712,0.448547811
DHS,WisdomTree U.S. High Dividend Fund,97.559,1171314560,98.45,75.31,-,-,-,WisdomTree,98.258,4.985243757,11.66433715,16.26766813
DIA,SPDR Dow Jones Industrial Average ETF Trust,437.39,35246219264,441.7,342.23,-,-,-,SPDR State Street Global Advisors,437.2841,3.673924896,12.34969752,12.97121035
DIG,ProShares Ultra Oil & Gas,42.83,95258584,50.26,32.43,-,-,-,ProShares,42.8389,2.50887899,9.210017136,-3.111056987
DIV,Global X SuperDividend U.S. ETF,18.69,644094848,18.84,15.69,-,-,-,Global X Funds,18.71,2.54443407,7.142669145,9.85935723
DJP,iPath Bloomberg Commodity Index Total Return(SM) ETN,32.13,525190912,34.28,29.35,-,-,-,Barclays,31.614,-2.767526463,4.632698735,-2.677749444
DLN,WisdomTree U.S. LargeCap Dividend Fund,80.69,4327041536,81.39,61.5,-,-,-,WisdomTree,80.629,3.169679122,11.17240789,15.31988154
DLS,WisdomTree International SmallCap Dividend Fund,65.82,943627776,69.77,56.54,-,-,-,WisdomTree,65.77069,-3.222912774,2.697662979,1.022148552
DNL,WisdomTree Global ex-U.S. Quality Dividend Growth Fund,38.12,594247552,40.97,33.34,-,-,-,WisdomTree,37.75146,-3.51823056,-0.032288086,-2.734956249
DOG,ProShares Short Dow30,26.05,168412272,32.91,25.825,-,-,-,ProShares,26.057,-3.030301084,-8.900095051,-7.592166301
DON,WisdomTree U.S. MidCap Dividend Fund,53.37,3732321024,53.75,40.11,-,-,-,WisdomTree,53.572,5.997784862,13.19521141,12.44720782
DRN,Direxion Daily Real Estate Bull 3X Shares,11.83,97814288,14.07,6.5,-,-,-,Direxion Funds,11.832,4.717779486,14.74960976,48.32917154
DRV,Direxion Daily Real Estate Bear 3X Shares,25.66,66360124,60.13,22.42,-,-,-,Direxion Funds,25.632,-6.44171898,-14.92759358,-36.43804897
DSI,iShares MSCI KLD 400 Social ETF,113.75,4690705408,114.39,83.25,-,-,-,iShares,112.67049,4.726072743,14.76224826,16.34158088
DTD,WisdomTree U.S. Total Dividend Fund,78.99,1331979648,79.58,60.07,-,-,-,WisdomTree,76.984,3.575354622,11.63619083,15.10427121
DTH,WisdomTree International High Dividend Fund,39.455,325852768,41.98,35.52,-,-,-,WisdomTree,39.45426,-3.866165099,1.826812327,-0.33347418
DUG,ProShares UltraShort Oil & Gas,35.62,12873479,52.4,9.65,-,-,-,ProShares,35.5937,-2.918506008,-11.33730291,-3.08399795
DUST,Direxion Daily Gold Miners Index Bear 2X Shares,53.39,94995600,146,5.74,-,-,-,Direxion Funds,53.436,3.584908539,-20.23033684,-24.06072564
DVY,iShares Select Dividend ETF,137.51,20086851584,138.7,105.65,-,-,-,iShares,138.4908,4.036144945,10.76931697,13.53921054
DVYE,iShares Emerging Markets Dividend ETF,28.7,683242624,29.85,24.44,-,-,-,iShares,28.20175,-1.649699253,9.015463958,5.264036602
DWAS,Invesco DWA SmallCap Momentum ETF,99.19,970852416,102.12,71.02,-,-,-,Invesco,99.37,12.34323546,20.28143275,16.32378351
DWM,WisdomTree International Equity Fund,55.7595,524246464,58.24,47.92,-,-,-,WisdomTree,55.34502,-2.503995406,3.472124362,1.432095104
DXD,ProShares UltraShort Dow30,25.78,75348184,41.39,25.31,-,-,-,ProShares,25.7869,-6.529716331,-18.33557838,-17.19914051
DXJ,WisdomTree Japan Hedged Equity Fund,111.38,3587854080,117.8,85.3,-,-,-,WisdomTree,111.18354,0.698402994,12.02922224,1.262082573
DXJS,WisdomTree Japan Hedged SmallCap Equity Fund,34.6,75044032,35.64,27.18,-,-,-,WisdomTree,34.58814,-0.38067661,8.912927194,-0.369324866
EBND,SPDR Bloomberg Emerging Markets Local Bond ETF,20.34,1953276160,21.43,19.73,-,-,-,SPDR State Street Global Advisors,20.25662,-2.026850058,-0.310710536,1.814877881
ECH,iShares MSCI Chile ETF,25.96,520640640,29.57,23.79,-,-,-,iShares,25.85406,-5.077098058,-0.708105054,-8.078667761
ECNS,iShares MSCI China Small-Cap ETF,28.09,62983256,33.04,20.81,-,-,-,iShares,26.89469,-3.610108204,17.7248695,3.289521063
EDC,Direxion Daily MSCI Emerging Markets Bull 3X Shares,37,82706496,41.94,24.21,-,-,-,Direxion Funds,36.983,-10.00525523,14.45177984,6.669317665
EDIV,SPDR S&P Emerging Markets Dividend ETF,36.5307,498458080,39.23,29.56,-,-,-,SPDR State Street Global Advisors,36.27283,-2.914974463,4.73996401,6.521723413
EDV,Vanguard Extended Duration Treasury Index Fund ETF Shares,72.13,5074067456,83.97,67.65,-,-,-,Vanguard,71.66,-1.472160675,-3.49980094,3.630267941
EDZ,Direxion Daily MSCI Emerging Markets Bear 3X Shares,7.32,16791860,13.62,6.57,-,-,-,Direxion Funds,7.324,10.32077773,-18.09317974,-15.04021902
EELV,Invesco S&P Emerging Markets Low Volatility ETF,25.29,412776832,26.48,22.63,-,-,-,Invesco,24.97,-1.694241182,4.060313521,6.47906383
EEM,iShares MSCI Emerging Markets ETF,45.78,18030383104,47.44,37.48,-,-,-,iShares,44.98505,-2.998038866,6.741572009,6.008718184
EEMA,iShares MSCI Emerging Markets Asia ETF,78.59,475839744,82.13,61.02,-,-,-,iShares,76.83479,-3.722863488,7.587077952,8.157018364
EEMV,iShares MSCI Emerging Markets Min Vol Factor ETF,61.38,4239041792,63.73,53.04,-,-,-,iShares,60.96073,-2.244106265,4.73966061,7.332206061
EFA,iShares MSCI EAFE ETF,80.27,55114129408,84.56,68.71,-,-,-,iShares,79.05215,-3.321926823,2.698497381,0.438377158
EFG,iShares MSCI EAFE Growth ETF,102.44,14362223616,108.91,87.15,-,-,-,iShares,100.76605,-3.796867639,1.685562693,-0.637784077
EFV,iShares MSCI EAFE Value ETF,55.625,19090374656,58.25,48.11,-,-,-,iShares,54.90924,-2.922943319,3.827208231,1.787602715
EFZ,ProShares Short MSCI EAFE,16.0244,17753664,19.19,15.1,-,-,-,ProShares,16.018,3.966729885,-1.001307134,2.815022973
EIDO,iShares MSCI Indonesia ETF,20.85,344611392,23.62,18.09,-,-,-,iShares,20.88404,-4.66512816,0.682923852,3.661730268
EMB,iShares J.P. Morgan USD Emerging Markets Bond ETF,91.51,14747780096,93.97,82.01,-,-,-,iShares,90.14167,0.269616227,2.841909972,5.484097048
EMHY,iShares J.P. Morgan EM High Yield Bond ETF,38.71,457665472,39.07,33.8,-,-,-,iShares,38.20867,1.214489116,4.934466793,7.199461239
EMLC,VanEck J.P. Morgan EM Local Currency Bond ETF,24.28,2821867776,25.59,23.58,-,-,-,VanEck,24.2,-2.014070952,-0.153502332,1.580001032
ENFR,Alerian Energy Infrastructure ETF,31.12,194207712,31.3,21.86,-,-,-,ALPS,30.7178,6.905984471,16.07275367,23.9215745
ENOR,iShares MSCI Norway ETF,24.0503,28713936,26.41,22.16,-,-,-,iShares,23.5641,-3.861791659,-0.630250518,-0.977304597
ENZL,iShares MSCI New Zealand ETF,48.155,92479872,50.41,43.15,-,-,-,iShares,47.49973,-1.824143007,2.966468303,6.595135199
EPHE,iShares MSCI Philippines ETF,26.86,107401728,30,23.12,-,-,-,iShares,27.33588,-6.89655035,4.495698288,5.322055466
EPI,WisdomTree India Earnings Fund,47.61,3839526656,50.99,36.82,-,-,-,WisdomTree,48.187,-4.299980892,-2.894957627,6.557747696
EPOL,iShares MSCI Poland ETF,23.31,235991472,26.09,19.99,-,-,-,iShares,22.35236,-3.00847873,1.552788198,-7.525929214
EPP,iShares MSCI Pacific ex Japan ETF,47.89,1990202496,49.29,39.46,-,-,-,iShares,46.59008,-1.424382659,10.31411519,9.434669753
EPS,WisdomTree U.S. Earnings 500 Fund,62.66,1007836288,62.95,46.33,-,-,-,WisdomTree,60.496,4.17910529,13.01646732,14.86469511
EPV,ProShares UltraShort FTSE Europe,37.56,20393090,54.35,6.93,-,-,-,ProShares,37.5852,9.410119192,-0.630473567,5.012573112
EQWL,Invesco S&P 100 Equal Weight ETF,105.35,882850560,106.24,79.25,-,-,-,Invesco,105.45,3.545619242,12.13752677,14.48920139
ERX,Direxion Daily Energy Bull 2X Shares,65.99,312204992,77.52,50,-,-,-,Direxion Funds,66.069,2.220515897,9.077083991,-3.41962332
ERY,Direxion Daily Energy Bear 2X Shares,21.6,24311896,31.44,19.8,-,-,-,Direxion Funds,21.574,-2.909088135,-10.28472292,-0.00995544
EUFN,iShares MSCI Europe Financials ETF,24.29,1948267520,25.09,18.82,-,-,-,iShares,24.19716,-1.652208317,8.079885265,5.359891305
EUM,ProShares Short MSCI Emerging Markets,25.15,12792652,30.7,13.31,-,-,-,ProShares,25.1109,3.338696313,-5.530392107,-3.526082633
EURL,Direxion Daily FTSE Europe Bull 3X Shares,24.57,21859044,30.37,17.55,-,-,-,Direxion Funds,24.524,-13.53857471,-3.130330995,-12.45798093
EUSA,iShares MSCI USA Equal Weighted ETF,98.89,913741888,99.62,74.27,-,-,-,iShares,98.50032,4.243951628,12.37383624,12.52038179
EWA,iShares MSCI Australia ETF,26.47,1467495168,27.23,21.28,-,-,-,iShares,25.73418,-1.443765825,7.590211022,7.965013382
EWC,iShares MSCI Canada ETF,42.16,2818676736,42.25,33.15,-,-,-,iShares,41.57134,0.700476063,10.70100583,9.930306684
EWD,iShares MSCI Sweden ETF,40.88,350872448,43.96,32.83,-,-,-,iShares,39.55439,-3.296971177,2.703396583,0.271503105
EWG,iShares MSCI Germany ETF,32.67,844936640,34.12,26.19,-,-,-,iShares,31.95548,-2.638770744,6.893099368,2.569658948
EWH,iShares MSCI Hong Kong ETF,18.44,666664320,20.36,14.64,-,-,-,iShares,18.0043,-3.693792949,15.61696199,7.66753582
EWI,iShares MSCI Italy ETF,37.4,384673920,39.63,31.09,-,-,-,iShares,37.27038,-2.629503108,4.427523224,0.100665847
EWJ,iShares MSCI Japan ETF,69.98,14256965632,73.24,60.05,-,-,-,iShares,69.27827,-2.073344413,5.951475047,2.34626516
EWL,iShares MSCI Switzerland ETF,49.41,1202168064,53.03,42.75,-,-,-,iShares,48.91205,-4.449236451,-1.475342662,4.502364843
EWM,iShares MSCI Malaysia ETF,25.17,352580000,27.49,20.85,-,-,-,iShares,25.228,-3.969174013,5.147676262,11.04937856
EWP,iShares MSCI Spain ETF,33.44,959235712,35.77,28.06,-,-,-,iShares,33.06239,-2.705081489,6.159769238,3.735544915
EWQ,iShares MSCI France ETF,38.14,623060480,42.6,35.5,-,-,-,iShares,37.55979,-4.620877312,-0.24032083,-8.948056594
EWS,iShares MSCI Singapore ETF,22.24,528445952,22.43,17.4,-,-,-,iShares,21.4345,1.740719936,17.07959878,17.43488805
EWT,iShares MSCI Taiwan ETF,56.65,5811296768,57.69,42.13,-,-,-,iShares,55.73591,2.847176875,10.10816786,14.45217452
EWU,iShares MSCI United Kingdom ETF,35.94,3211082240,37.88,31,-,-,-,iShares,35.66396,-3.41716768,0.397849417,-0.130714162
EWV,ProShares UltraShort MSCI Japan,39.9353,5803744,57.28,9.69,-,-,-,ProShares,39.9853,4.974227688,-10.95130944,-5.153059158
EWW,iShares MSCI Mexico ETF,53.7,1321575680,71.12,48.65,-,-,-,iShares,52.3899,-4.220963445,-5.160821762,-23.27880401
EWX,SPDR S&P Emerging Markets Small Cap ETF,63.09,752389568,64.79,53.12,-,-,-,SPDR State Street Global Advisors,62.75686,0.113950341,9.158679151,7.780372365
EWY,iShares MSCI South Korea ETF,60.72,4424151552,69.52,57.04,-,-,-,iShares,59.96498,-6.491866247,-3.692858976,-9.062976727
EWZ,iShares MSCI Brazil ETF,28.25,3781370368,35.74,26.23,-,-,-,iShares,28.34574,-2.806036962,-2.463923853,-10.12727724
EWZS,iShares MSCI Brazil Small-Cap ETF,11.91,129174512,15.3,11.21,-,-,-,iShares,12.15459,-4.20792272,-5.915725177,-12.75442217
EZA,iShares MSCI South Africa ETF,50.57,310178784,51.68,36.71,-,-,-,iShares,49.02672,-0.568071797,11.76738889,18.42606803
EZU,iShares MSCI Eurozone ETF,49.32,7298889216,53.07,42.79,-,-,-,iShares,48.57678,-4.505215095,1.484422031,-4.081735263
FAN,First Trust Global Wind Energy ETF,16.14,179112848,18.15,14.01,-,-,-,First Trust Advisors L.P.,15.95,-7.159490536,-4.467979544,-2.566038347
FAS,Direxion Daily Financial Bull 3X Shares,157.67,2374153728,166.39,60.18,-,-,-,Direxion Funds,157.612,22.38998014,51.90029618,52.10613288
FAZ,Direxion Daily Financial Bear 3X Shares,6.23,126480616,19.05,5.9,-,-,-,Direxion Funds,6.224,-21.87901948,-37.44461537,-39.1587768
FBT,First Trust NYSE Arca Biotechnology Index Fund,178.098,1162619904,179.62,133.75,-,-,-,First Trust Advisors L.P.,176.58,5.179824053,8.126593478,20.11157983
FCA,First Trust China AlphaDEX Fund,21.01,9087519,24.12,16.82,-,-,-,First Trust Advisors L.P.,20.55,-4.166671558,12.52566707,1.049442726
FCG,First Trust Natural Gas ETF,24.91,350911680,28.72,22.42,-,-,-,First Trust Advisors L.P.,25.04,-0.478090986,2.270482401,-7.638329555
FCOM,Fidelity MSCI Communication Services Index ETF,58.78,1261381376,58.93,41.02,-,-,-,Fidelity Investments,58.76288,6.415164072,15.43001572,17.14413479
FDD,First Trust STOXX European Select Dividend Index Fund,11.8725,153114032,12.77,10.72,-,-,-,First Trust Advisors L.P.,11.78,-3.07564334,0.840405721,-1.584394846
FDIS,Fidelity MSCI Consumer Discretionary Index ETF,93.27,1749058432,94.8,69.49,-,-,-,Fidelity Investments,93.22114,8.826922989,22.02539178,17.80055585
FDL,First Trust Morningstar Dividend Leaders Index Fund,42.51,4466305024,42.96,32.41,-,-,-,First Trust Advisors L.P.,42.84,1.867822379,8.241841706,13.28958581
FDN,First Trust Dow Jones Internet Index Fund,235.51,6059281920,236.29,159.63,-,-,-,First Trust Advisors L.P.,231.55,7.293439211,23.51821212,15.34018384
FDT,First Trust Developed Markets Ex-US AlphaDEX Fund,57.15,409081696,58.95,48.89,-,-,-,First Trust Advisors L.P.,56.29,-1.417077284,6.781050766,2.371263501
FEM,First Trust Emerging Markets AlphaDEX Fund,23.41,416238528,25.38,20.53,-,-,-,First Trust Advisors L.P.,23.02,-2.013707413,1.92398467,-4.435289151
FEMS,First Trust Emerging Markets Small Cap AlphaDEX Fund,40.085,318497024,42.57,36.42,-,-,-,First Trust Advisors L.P.,39.54,-1.057406774,1.861450948,-1.309025935
FENY,Fidelity MSCI Energy Index ETF,25.69,1562302720,27.11,21.73,-,-,-,Fidelity Investments,25.68419,1.974723563,6.417919564,1.215714657
FEZ,SPDR EURO STOXX 50 ETF,50.28,3643417344,54.16,42.91,-,-,-,SPDR State Street Global Advisors,50.09004,-5.058667019,1.396139238,-4.477346178
FGD,First Trust Dow Jones Global Select Dividend Index Fund,23.77,541062336,24.66,20.39,-,-,-,First Trust Advisors L.P.,23.48,-0.717299877,5.288287193,5.100589548
FHLC,Fidelity MSCI Health Care Index ETF,71,2835430400,74.48,58.58,-,-,-,Fidelity Investments,70.97225,-0.611369229,1.965190857,6.564719428
FIDU,Fidelity MSCI Industrials Index ETF,75.57,1163479808,76.4545,54.28,-,-,-,Fidelity Investments,75.48927,5.488733748,15.28062899,13.88017364
FIW,First Trust Water ETF,110.18,1824819840,111.64,82.22,-,-,-,First Trust Advisors L.P.,110.98,2.097706466,5.72292551,4.440883778
FLOT,iShares Floating Rate Bond ETF,50.9,7354687488,51.16,50.28,-,-,-,iShares,50.85013,0.577194469,1.310842598,2.472982082
FLRN,SPDR Bloomberg Investment Grade Floating Rate ETF,30.74,2271554560,30.88,30.32,-,-,-,SPDR State Street Global Advisors,30.7168,0.596575851,1.26943351,2.553643773
FLTR,VanEck IG Floating Rate ETF,25.44,1699511168,25.52,25,-,-,-,VanEck,25.42,0.535871332,1.38279853,2.584122496
FM,iShares Frontier and Select EM ETF,27.6,203070528,28.87,25.64,-,-,-,iShares,27.64972,0.289959852,-0.180372433,0.497442301
FMAT,Fidelity MSCI Materials Index ETF,54.49,546013760,55.28,43.11,-,-,-,Fidelity Investments,54.45886,0.913323112,9.231490801,5.322746397
FMF,First Trust Managed Futures Strategy Fund,47.21,239080544,50.82,45.36,-,-,-,First Trust Advisors L.P.,47,1.003418487,-0.795656394,-1.273058316
FNCL,Fidelity MSCI Financials Index ETF,69.4,1821291776,70.66,47.21,-,-,-,Fidelity Investments,69.37154,8.91551837,18.43052296,20.13103981
FNDA,Schwab Fundamental U.S. Small Company ETF,31.44,9004978176,58.54,23.43,-,-,-,Schwab ETFs,31.52,7.928912087,13.74223712,13.56965843
FNDB,Schwab Fundamental U.S. Broad Market ETF,24.22,846707648,68.96,18.436666,-,-,-,Schwab ETFs,24.19,4.007415158,11.38643744,13.83923723
FNDC,Schwab Fundamental International Small Equity ETF,36.45,3189916928,38.55,31.71,-,-,-,Schwab ETFs,35.74,-3.174593889,4.017350479,1.614687476
FNDE,Schwab Fundamental Emerging Markets Equity ETF,32.54,6469044224,33.99,25.44,-,-,-,Schwab ETFs,31.67,-2.196779366,9.301523261,8.324061078
FNDF,Schwab Fundamental International Equity ETF,36.08,13598900224,37.85,31.43,-,-,-,Schwab ETFs,35.37,-3.164211272,3.13771612,-0.214248346
FNDX,Schwab Fundamental U.S. Large Company ETF,24.62,16998427648,70.22,18.773333,-,-,-,Schwab ETFs,24.62,3.649324355,12.07503807,14.61865228
FPE,First Trust Preferred Securities and Income ETF,18.01,5679994368,18.23,16.01,-,-,-,First Trust Advisors L.P.,17.91,0.39893541,4.510960717,8.183176978
FRI,First Trust S&P REIT Index Fund,29.06,192905088,30.15,22.27,-,-,-,First Trust Advisors L.P.,28.76,2.898044488,7.40004489,18.72767291
FSTA,Fidelity MSCI Consumer Staples Index ETF,49.83,1186791552,51.91,42.45,-,-,-,Fidelity Investments,49.80519,0.778286539,3.870904567,6.386301635
FTA,First Trust Large Cap Value AlphaDEX Fund,80.88,1203755008,81.54,63.58,-,-,-,First Trust Advisors L.P.,81.39,3.218828026,9.166773518,9.176658991
FTC,First Trust Large Cap Growth AlphaDEX Fund,140.6,1078577664,143.45,99.15,-,-,-,First Trust Advisors L.P.,139.42,7.721280603,19.65676931,18.78401012
FTCS,First Trust Capital Strength ETF,91.775,8773976064,93.05,75.02,-,-,-,First Trust Advisors L.P.,91.84,2.071174344,8.20354256,11.28922272
FTEC,Fidelity MSCI Information Technology Index ETF,186.01,12057976832,186.33,131.35,-,-,-,Fidelity Investments,185.9242,4.33488763,17.47240944,21.73482394
FTGC,First Trust Global Tactical Commodity Strategy Fund,23.78,2191017984,24.98,22.03,-,-,-,First Trust Advisors L.P.,23.43,-2.165766151,3.883657625,-0.790948009
FTQI,First Trust Nasdaq BuyWrite Income ETF,20.95,467868480,21.14,18.23,-,-,-,First Trust Advisors L.P.,20.87,3.845086384,11.59095135,10.11569803
FTRI,First Trust Indxx Global Natural Resources Income ETF,13.365,130664784,14.12,11.94,-,-,-,First Trust Advisors L.P.,13.19,-3.384842038,3.007783529,-2.791549211
FTSL,First Trust Senior Loan Fund,46.29,2162791680,46.99,45.01,-,-,-,First Trust Advisors L.P.,46.18,1.08963999,2.974478459,4.029272316
FUTY,Fidelity MSCI Utilities Index ETF,50.03,1731905024,52.94,38.14,-,-,-,Fidelity Investments,50.01264,1.111775631,8.395838299,12.280957
FVD,First Trust Value Line Dividend Index Fund,45.75,9588976640,46.12,37.38,-,-,-,First Trust Advisors L.P.,45.88,2.747374424,8.148104833,10.9419151
FXH,First Trust Health Care AlphaDEX Fund,110.79,1172695808,114.38,91.37,-,-,-,First Trust Advisors L.P.,110.03,3.100278603,3.560800777,6.519567295
FXI,iShares China Large-Cap ETF,33.42,9876084736,37.5,20.86,-,-,-,iShares,31.87403,-5.267916445,23.46017888,15.22013894
FXL,First Trust Technology AlphaDEX Fund,150.949,1332463360,151.63,112.22,-,-,-,First Trust Advisors L.P.,148.01,7.50407931,19.36207276,15.62034667
FXN,First Trust Energy AlphaDEX Fund,17.11,408336128,19.52,15.57,-,-,-,First Trust Advisors L.P.,17.28,0.467835801,1.259494833,-6.838263129
FXO,First Trust Financials AlphaDEX Fund,55.68,939871232,56.82,37.32,-,-,-,First Trust Advisors L.P.,56.74,8.506102185,18.5922419,20.35010579
FXR,First Trust Industrials/Producer Durables AlphaDEX Fund,80.07,1986157568,81.38,56.46,-,-,-,First Trust Advisors L.P.,80.28,7.562686401,17.31532674,14.22090131
FXU,First Trust Utilities AlphaDEX Fund,38.22,336850784,39.27,28.45,-,-,-,First Trust Advisors L.P.,38.13,3.518122811,11.30609799,13.9424005
FXY,Invesco CurrencyShares Japanese Yen Trust,60.45,428220992,66.12,57.17,-,-,-,Invesco,59.85,-2.543057788,-3.567449667,1.713422608
FXZ,First Trust Materials AlphaDEX Fund,66.85,333507200,72.27,59.79,-,-,-,First Trust Advisors L.P.,67.47,-0.030272809,5.112099153,-4.776716847
FYLD,Cambria Foreign Shareholder Yield ETF,26.97,333992864,28.3,23.55,-,-,-,CAMBRIA ETF TRUST,26.3106,-4.201375667,3.52251097,-1.794569241
GCC,WisdomTree Enhanced Commodity Strategy Fund,18.96,133761016,19.89,16.31,-,-,-,WisdomTree,18.612,-1.418126071,5.284784714,-0.125761494
GDX,VanEck Gold Miners ETF,39.57,15157399552,44.22,25.67,-,-,-,VanEck,39.57,-2.131924998,9.760903784,10.35067812
GDXJ,VanEck Junior Gold Miners ETF,50.32,5704572928,55.58,30.89,-,-,-,VanEck,50.32,0.507408154,17.2903814,13.39592978
GLD,SPDR Gold Shares,249.65,78367358976,257.71,179.11,-,-,-,SPDR State Street Global Advisors,248.63953,2.116794018,10.6914927,14.29362074
GLTR,abrdn Physical Precious Metals Basket Shares ETF,116.24,1129454208,121.88,84.42,-,-,-,Aberdeen Standard Investments,114.97747,1.013217203,11.32149131,12.0394796
GMF,SPDR S&P Emerging Asia Pacific ETF,124.29,367778528,130.43,95.05,-,-,-,SPDR State Street Global Advisors,123.47365,-2.266127063,10.54456397,12.91508225
GNR,SPDR S&P Global Natural Resources ETF,56.73,3167069952,60.64,51.68,-,-,-,SPDR State Street Global Advisors,56.62291,-3.307795537,3.157505123,-5.29294184
GOVI,Invesco Equal Weight 0-30 Years Treasury ETF,27.72,1188719488,29.74,26.56,-,-,-,Invesco,27.47,-1.238839383,-1.344541272,3.611013244
GOVT,iShares U.S. Treasury Bond ETF,22.72,28745730048,23.69,21.93,-,-,-,iShares,22.71453,-0.769074628,-0.80112517,3.08145032
GREK,Global X MSCI Greece ETF,40.18,191956032,44.14,34.58,-,-,-,Global X Funds,40.52,-1.800928877,-0.88430513,-3.494266091
GRID,First Trust NASDAQ Clean Edge Smart Grid Infrastructure Index Fund,126.31,1876165632,129.02,90.16,-,-,-,First Trust Advisors L.P.,125.23,0.876632487,11.92305329,7.804582608
GRPM,Invesco S&P MidCap 400 GARP ETF,121.39,550574080,123.94,85.81,-,-,-,Invesco,122.21,4.781895694,8.792860995,4.140024909
GSG,iShares S&P GSCI Commodity-Indexed Trust,21.55,897507648,23.08,19.41,-,-,-,iShares,21.36976,-3.76417212,1.14394555,-4.112064536
GSY,Invesco Ultra Short Duration ETF,50.17,2234666752,50.37,49.69,-,-,-,Invesco,50.14,0.373478494,1.453650716,3.123651853
GUNR,FlexShares Morningstar Global Upstream Natural Resources Index Fund,40.5,5658668544,43.54,37.41,-,-,-,Flexshares Trust,40.4535,-3.426487959,2.46634824,-5.161822328
GVI,iShares Intermediate Government/Credit Bond ETF,104.88,3414381568,109.51,101.06,-,-,-,iShares,104.36831,-0.570513097,-0.054864573,3.247710764
GWX,SPDR S&P International Small Cap ETF,32.71,647372672,34.47,28.45,-,-,-,SPDR State Street Global Advisors,32.58495,-2.678300939,4.154592423,1.019725553
GXC,SPDR S&P China ETF,84.79,462190688,97.17,59.45,-,-,-,SPDR State Street Global Advisors,83.58142,-4.128384662,19.40852635,10.38881542
HAUZ,Xtrackers International Real Estate ETF,21.7,744325504,23.75,19.25,-,-,-,Xtrackers,21.637,-4.831561074,1.898432009,1.402661098
HDGE,AdvisorShares Ranger Equity Bear ETF,17.19,62271092,25.31,17.12,-,-,-,AdvisorShares,17.48143,-6.324324737,-12.07508509,-16.11810236
HEDJ,WisdomTree Europe Hedged Equity Fund,43.96,1496561792,48.75,39.45,-,-,-,WisdomTree,43.91572,-1.691093632,2.729308941,-6.061118129
HYD,VanEck High Yield Muni ETF,51.68,3135024640,53.1,48.6,-,-,-,VanEck,51.72,-0.274745729,1.127765671,2.632378401
HYEM,VanEck Emerging Markets High Yield Bond ETF,19.69,409492512,19.92,17.62,-,-,-,VanEck,19.64,0.366937618,3.385271824,6.413587507
HYG,iShares iBoxx $ High Yield Corporate Bond ETF,79.67,14220758016,80.37,73.79,-,-,-,iShares,79.04004,1.058845081,3.342218581,6.226202165
HYLS,First Trust Tactical High Yield ETF,41.8,1615236096,42.55,39.43,-,-,-,First Trust Advisors L.P.,41.54,0.668155571,3.620889736,6.356813523
HYMB,SPDR Nuveen Bloomberg High Yield Municipal Bond ETF,25.58,2780429312,26.33,23.81,-,-,-,SPDR State Street Global Advisors,25.56712,-0.569787595,0.862983681,3.11480281
HYS,PIMCO 0-5 Year High Yield Corporate Bond Index Exchange-Traded Fund,94.8,1405679488,95.58,89.88,-,-,-,PIMCO,94.57,1.385775478,3.412155064,5.948255218
HYZD,WisdomTree Interest Rate Hedged High Yield Bond Fund,22.465,148782768,22.5406,21.14,-,-,-,WisdomTree,22.364,1.649006681,4.642479307,5.215058791
IAI,iShares U.S. Broker-Dealers & Securities Exchanges ETF,143.93,1493901440,146.75,92.79,-,-,-,iShares,145.13467,11.92576357,21.84775789,25.77958112
IAK,iShares U.S. Insurance ETF,129.85,713056896,133.82,95.6,-,-,-,iShares,131.37962,2.041453734,12.48634618,13.86114838
IAT,iShares U.S. Regional Banks ETF,53.44,632569984,55.1,32.99,-,-,-,iShares,55.0762,13.08745834,21.39276996,27.55251529
IAU,iShares Gold Trust,51.06,33410963456,52.69,36.57,-,-,-,iShares,50.83738,2.114802024,10.7712481,14.36949846
IBB,iShares Biotechnology ETF,148.02,7085673984,150.57,113.84,-,-,-,iShares,148.0955,3.981845931,4.835765217,11.71900186
IBND,SPDR Bloomberg International Corporate Bond ETF,29.63,172941056,31.41,27.69,-,-,-,SPDR State Street Global Advisors,29.54486,-1.187267251,-0.014538995,3.159785755
ICF,iShares Cohen & Steers REIT ETF,63.53,2176045824,67.57,49.91,-,-,-,iShares,63.55239,1.702392875,5.745416805,17.18309075
ICLN,iShares Global Clean Energy ETF,12.67,1905174144,15.81,12.27,-,-,-,iShares,12.61006,-8.836522946,-10.99927929,-10.6742863
ICSH,iShares Ultra Short-Term Bond Active ETF,50.5,5521628672,50.77,50.2,-,-,-,iShares,50.49564,0.326759218,0.889580131,2.487592676
IDHQ,Invesco S&P International Developed Quality ETF,30.16,382254368,32.98,26.05,-,-,-,Invesco,29.56,-5.212667235,-0.942505855,-1.629068969
IDLV,Invesco S&P International Developed Low Volatility ETF,29.2728,257704560,30.83,26.1,-,-,-,Invesco,28.96,-2.257412633,3.360508833,5.052641685
IDMO,Invesco S&P International Developed Momentum ETF,42.25,260077792,43.3,33.47,-,-,-,Invesco,41.39,0.770712166,6.832864467,3.690840513
IDU,iShares U.S. Utilities ETF,99.19,1456367872,104.15,74.84,-,-,-,iShares,98.96175,1.264173933,8.385257485,12.08374948
IDV,iShares International Select Dividend ETF,28.95,4150834432,30.64,25.22,-,-,-,iShares,28.60285,-3.45762867,2.737949912,2.490942815
IDX,VanEck Indonesia Index ETF,16.48,60376468,19.1,14.94,-,-,-,VanEck,16.44,-4.079258562,0,1.730523943
IEF,iShares 7-10 Year Treasury Bond ETF,94,33637373952,99.18,90.69,-,-,-,iShares,93.97653,-1.396313924,-1.554895923,3.053508194
IEFA,iShares Core MSCI EAFE ETF,74.82,1.20855E+11,78.83,64.07,-,-,-,iShares,73.57195,-3.23807192,2.899754781,0.75959028
IEI,iShares 3-7 Year Treasury Bond ETF,116.39,14566483968,120.33,112.72,-,-,-,iShares,116.35956,-0.917406694,-0.843300546,2.908925472
IEMG,iShares Core MSCI Emerging Markets ETF,57.22,81876738048,59,47.34,-,-,-,iShares,56.25845,-2.769063721,6.403660248,5.85750656
IEO,iShares U.S. Oil & Gas Exploration & Production ETF,95.97,589209472,112.72,86.84,-,-,-,iShares,96.84563,0.289464251,3.008190642,-6.338804351
IEV,iShares Europe ETF,55.23,1673732608,59.07,47.73,-,-,-,iShares,54.52639,-4.209968946,0.239633305,-2.174467104
IEZ,iShares U.S. Oil Equipment & Services ETF,21.51,129238208,24.85,18.63,-,-,-,iShares,21.73647,2.004773561,1.10849908,-6.319297186
IGE,iShares North American Natural Resources ETF,46.52,529153664,46.88,38.39,-,-,-,iShares,46.50924,1.750936914,8.114316769,2.986792978
IGF,iShares Global Infrastructure ETF,53.97,4328083456,55.32,43.22,-,-,-,iShares,53.59962,0.22230258,8.373398354,10.16797015
IGIB,iShares 5-10 Year Investment Grade Corporate Bond ETF,52.33,14447263744,54.1,48.49,-,-,-,iShares,51.86764,-0.575958749,0.949182083,4.951025489
IGLB,iShares 10+ Year Investment Grade Corporate Bond ETF,51.32,2735151616,54.42,46.69,-,-,-,iShares,50.58843,-0.52915534,1.996417585,5.784885125
IGM,iShares Expanded Tech Sector ETF,102.3,5404304384,102.35,67.861664,-,-,-,iShares,102.23391,4.334046596,17.03549175,20.02954058
IGOV,iShares International Treasury Bond ETF,40.03,509835648,42.28,37.49,-,-,-,iShares,39.57521,-1.86777672,-1.456071436,2.358374835
IGPT,Invesco AI and Next Gen Software ETF,48.25,388711040,50,34.3,-,-,-,Invesco,47.13,3.898085773,14.11145065,9.753848044
IGSB,iShares 1-5 Year Investment Grade Corporate Bond ETF,51.97,20856535040,52.74,49.81,-,-,-,iShares,51.76212,-0.106303423,0.891797137,3.635646914
IGV,iShares Expanded Tech-Software Sector ETF,100.16,6930097664,101.41,72.32,-,-,-,iShares,100.17681,9.614548717,24.12947633,24.74124359
IHE,iShares U.S. Pharmaceuticals ETF,69.51,625657984,72.94,56.03,-,-,-,iShares,68.38273,-0.355871886,2.961785241,7.571159331
IHF,iShares U.S. Healthcare Providers ETF,54.7,704492864,58.94,49.312,-,-,-,iShares,54.28765,-1.617537241,-0.493787797,3.632775132
IHI,iShares U.S. Medical Devices ETF,59.55,4782540800,60.88,46.13,-,-,-,iShares,59.78322,3.050032146,7.750221169,7.928614891
IJH,iShares Core S&P Mid-Cap ETF,65.61,91388469248,66.05,48.386,-,-,-,iShares,65.68435,6.390187198,12.72860473,10.88641747
IJJ,iShares S&P Mid-Cap 400 Value ETF,130.74,7730631680,131.54,97.37,-,-,-,iShares,130.60329,7.4822156,14.09901825,14.18474421
IJK,iShares S&P Mid-Cap 400 Growth ETF,96.23,9240436736,96.91,70.5,-,-,-,iShares,96.21516,5.543432851,11.53275851,7.812456282
IJR,iShares Core S&P Small-Cap ETF,123.53,84500578304,124.77,90.69,-,-,-,iShares,124.40004,8.905253737,13.15574373,14.32426367
IJS,iShares S&P Small-Cap 600 Value ETF,114.74,6997581312,115.98,85.38,-,-,-,iShares,115.53654,10.0525048,14.13079316,15.3208228
IJT,iShares S&P Small-Cap 600 Growth ETF,145.8,6285431808,147.28,106,-,-,-,iShares,145.7627,7.700205304,12.13557982,13.17989723
ILCB,iShares Morningstar U.S. Equity ETF,82.43,1129093120,82.95,60.44,-,-,-,iShares,81.87704,4.045227742,13.54359408,15.88284023
ILCG,iShares Morningstar Growth ETF,89.45,2327318016,89.99,62.53,-,-,-,iShares,89.44399,5.681677544,17.54163614,19.42790669
ILCV,iShares Morningstar Value ETF,83.828,978824704,84.3129,64.49,-,-,-,iShares,83.66868,2.571916854,9.749494895,12.03676325
ILF,iShares Latin America 40 ETF,25.21,1310113920,29.84,22.51,-,-,-,iShares,25.01458,-3.285100362,-0.161489361,-11.04948724
ILTB,iShares Core 10+ Year USD Bond ETF,50.44,614495872,54.32,46.6,-,-,-,iShares,49.73938,-0.807586878,0.276729429,5.08668622
IMCB,iShares Morningstar Mid-Cap ETF,79.1362,996343232,79.8,59,-,-,-,iShares,79.13669,5.008561071,13.3829232,12.71784729
IMCG,iShares Morningstar Mid-Cap Growth ETF,77.1,2205964800,77.99,56.39,-,-,-,iShares,77.13487,6.337065436,16.25428324,14.23019252
IMCV,iShares Morningstar Mid-Cap Value ETF,78.4,636645376,79.06,59.76,-,-,-,iShares,78.65561,3.857801742,10.67725564,11.32985814
INCO,Columbia India Consumer ETF,68.26,451964352,78.34,54.82,-,-,-,Columbia Threadneedle,69.47,-9.419321805,-6.478798841,3.34299304
INDA,iShares MSCI India ETF,54.94,10623492096,59.49,44.26,-,-,-,iShares,55.46559,-4.798595336,-2.528240695,5.410123971
INDL,Direxion Daily MSCI India Bull 2x Shares,66.02,92002544,78,47.42,-,-,-,Direxion Funds,65.925,-10.11580883,-7.011459176,5.57414424
INDY,iShares India 50 ETF,53.19,947493888,57.3,44.73,-,-,-,iShares,53.54167,-3.599490658,-1.346299975,6.263970913
IOO,iShares Global 100 ETF,101.6,6200611328,101.72,75.9,-,-,-,iShares,100.31286,1.516218688,10.2027478,12.01013345
ISCG,iShares Morningstar Small-Cap Growth ETF,52.28,610312000,52.87,36.93,-,-,-,iShares,52.23717,8.901709877,16.56502162,16.15224574
ISHG,iShares 1-3 Year International Treasury Bond ETF,71.43,68086208,74.34,68.28,-,-,-,iShares,70.92585,-1.726757854,-0.531316095,2.19795829
ISTB,iShares Core 1-5 Year USD Bond ETF,47.96,4090990080,48.75,46.35,-,-,-,iShares,47.77685,-0.167719285,0.518357471,3.361490095
ITA,iShares U.S. Aerospace & Defense ETF,150.26,6049335296,156.69,114.5,-,-,-,iShares,151.21529,3.610617698,11.84507541,15.54436249
ITB,iShares U.S. Home Construction ETF,120.02,3362670592,129.89,80.84,-,-,-,iShares,118.99059,-1.504804024,8.694247957,11.9457791
ITM,VanEck Intermediate Muni ETF,45.86,1934417024,47.15,44.48,-,-,-,VanEck,45.84,-0.667694402,0.375236496,1.33981466
ITOT,iShares Core S&P Total U.S. Stock Market ETF,131.09,61407334400,132,95.89,-,-,-,iShares,131.08243,4.506869785,13.69165871,15.90273955
IUSV,iShares Core S&P U.S. Value ETF,97.33,19134904320,98.21,76.07,-,-,-,iShares,97.61703,3.212550394,9.728893172,11.30443607
IVE,iShares S&P 500 Value ETF,200.6,34959319040,202.44,157.33,-,-,-,iShares,201.18684,2.817267424,9.388216354,10.99033279
IVOO,Vanguard S&P Mid-Cap 400 Index Fund ETF Shares,111.08,3778203136,111.81,82.03,-,-,-,Vanguard,111.05,6.30536516,12.66750487,10.75073437
IVV,iShares Core S&P 500 ETF,598.51,5.37604E+11,602.56,440.41,-,-,-,iShares,598.4398,3.852596986,13.10054254,15.80798025
IVW,iShares S&P 500 Growth ETF,100.83,52939046912,101.36,70.3,-,-,-,iShares,99.32248,4.602334094,15.88347299,19.70449835
IWB,iShares Russell 1000 ETF,327.59,37426728960,329.77,240.12,-,-,-,iShares,325.06866,4.264484126,13.63914762,15.76466569
IWC,iShares Micro-Cap ETF,134.36,899783232,135.91,93.47,-,-,-,iShares,134.14613,12.51759469,18.13195237,15.55563859
IWD,iShares Russell 1000 Value ETF,194.34,58966835200,195.85,149.68,-,-,-,iShares,194.82607,3.217801846,10.48534141,11.64203761
IWF,iShares Russell 1000 Growth ETF,397.32,97251467264,399.53,279.81,-,-,-,iShares,390.58652,5.107312825,16.53458476,18.87752845
IWL,iShares Russell Top 200 ETF,146.29,1547710592,147.14,106.86,-,-,-,iShares,144.97221,3.88396887,13.60481538,16.63297148
IWM,iShares Russell 2000 ETF,236.38,67949522944,238.49,167.52,-,-,-,iShares,236.20609,9.80861813,15.48772175,16.38954341
IWN,iShares Russell 2000 Value ETF,176.8,12370464768,179.09,129.68,-,-,-,iShares,176.72372,8.979472696,13.32884776,14.23037216
IWO,iShares Russell 2000 Growth ETF,306.89,11875693568,310,210.43,-,-,-,iShares,306.64178,10.5791225,17.90036591,18.64059496
IWP,iShares Russell Mid-Cap Growth ETF,128.35,15633605632,130.5,90.89,-,-,-,iShares,128.3257,9.293552474,21.35593081,18.84426137
IWR,iShares Russell Mid-Cap ETF,91.92,36990300160,92.77,68.06,-,-,-,iShares,91.93722,5.525174916,13.4860876,13.29755139
IWS,iShares Russell Mid-Cap Value ETF,135.81,13397726208,136.67,102.01,-,-,-,iShares,135.82253,4.375096359,11.11256339,11.34261831
IWV,iShares Russell 3000 ETF,340.87,14889177088,343.12,249.56,-,-,-,iShares,338.40607,4.519238944,13.73234841,15.77683841
IWX,iShares Russell Top 200 Value ETF,82.99,3120529152,83.724,64.77,-,-,-,iShares,83.3411,2.654219384,10.27059095,11.9469378
IWY,iShares Russell Top 200 Growth ETF,231.79,11994602496,232.86,163.06,-,-,-,iShares,227.86336,4.625086301,15.86281526,18.94540909
IXC,iShares Global Energy ETF,42.03,2093684736,45.22,37.02,-,-,-,iShares,41.85935,-1.250006073,2.748463637,-2.320899711
IXJ,iShares Global Healthcare ETF,93.91,4067237120,101.31,80.19,-,-,-,iShares,93.18765,-2.944508073,-1.349938205,3.847651145
IXN,iShares Global Tech ETF,85.02,5071105024,88.1,62.66,-,-,-,iShares,83.48316,1.583492904,11.93654805,15.25531777
IXUS,iShares Core MSCI Total International Stock ETF,70.79,37888712704,73.53,59.82,-,-,-,iShares,69.58103,-2.766903012,4.490172184,2.947600743
IYC,iShares US Consumer Discretionary ETF,92.67,1024351424,93.75,67.69,-,-,-,iShares,91.4752,7.250200559,20.20656553,17.43929133
IYE,iShares U.S. Energy ETF,49.09,1253922560,51.7,41.46,-,-,-,iShares,49.21101,1.81480145,5.999446007,1.355830765
IYF,iShares U.S. Financials ETF,112.52,3278651648,114.66,75.7,-,-,-,iShares,114.45866,8.502294948,17.56557233,20.40298649
IYG,iShares U.S. Financial Services ETF,78.06,1473614848,79.58,52.023335,-,-,-,iShares,79.50521,9.846373187,19.03150772,20.35978292
IYH,iShares U.S. Healthcare ETF,62.86,3305990144,66.59,52.444,-,-,-,iShares,62.49209,-1.414800765,1.172914434,5.822016985
IYJ,iShares U.S. Industrials ETF,140.3,1537927296,141.95,101.4,-,-,-,iShares,140.89362,5.484670103,15.80064328,14.30677978
IYK,iShares US Consumer Staples ETF,68.02,1307826048,72.29,61.923332,-,-,-,iShares,68.06839,-0.635830681,0.69317038,3.241214599
IYR,iShares U.S. Real Estate ETF,98.28,5011353088,104.04,77.06,-,-,-,iShares,97.14625,1.918168771,5.86772306,17.15579331
IYT,iShares Transportation Average ETF,72.95,647757376,74.67,56.605,-,-,-,iShares,74.06943,6.878923617,14.32780462,10.67734749
IYY,iShares Dow Jones U.S. ETF,145.49,2211565312,146.44,106.67,-,-,-,iShares,144.38602,4.267778472,13.54359455,15.71986101
IYZ,iShares U.S. Telecommunications ETF,26.64,438875168,27.16,20.31,-,-,-,iShares,26.77932,6.267130557,22.12781065,29.54093714
JDST,Direxion Daily Junior Gold Miners Index Bear 2X Shares,24.48,57269056,80,20.22,-,-,-,Direxion Funds,24.491,-2.313923542,-31.70514276,-30.6945556
JNK,SPDR Bloomberg High Yield Bond ETF,96.86,7837186560,97.9,90.38,-,-,-,SPDR State Street Global Advisors,96.44554,1.075086101,3.231738604,5.90714416
JNUG,Direxion Daily Junior Gold Miners Index Bull 2X Shares,49.57,322557536,60.66,21.92,-,-,-,Direxion Funds,49.413,-0.167262864,30.8956404,16.00084257
JPXN,iShares JPX-Nikkei 400 ETF,74.4236,184098480,78.24,63.67,-,-,-,iShares,73.59065,-2.744427769,5.375271337,2.535747569
JXI,iShares Global Utilities ETF,66.9248,168321344,71.41,54,-,-,-,iShares,66.78293,-1.139027994,5.764715964,8.454742721
KBE,SPDR S&P Bank ETF,59.2,2087603200,61.25,36.48,-,-,-,SPDR State Street Global Advisors,59.20844,13.41463601,21.02320179,27.38177121
KBWB,Invesco KBW Bank ETF,67.39,1910602240,69.3,39.67,-,-,-,Invesco,69.25,14.18450987,24.86456526,26.51302167
KBWP,Invesco KBW Property & Casualty Insurance ETF,118.22,427152608,120.45,87.89,-,-,-,Invesco,119.32,4.273578605,13.59313478,13.53396269
KBWY,Invesco KBW Premium Yield Equity REIT ETF,20.09,248126160,21.86,16.65,-,-,-,Invesco,20.12,-0.960312564,5.675695595,18.30846582
KCE,SPDR S&P Capital Markets ETF,140.69,375811520,142.89,85.24,-,-,-,SPDR State Street Global Advisors,140.61623,11.47837201,25.38354465,29.04309571
KIE,SPDR S&P Insurance ETF,57.9,902518528,58.84,43.45,-,-,-,SPDR State Street Global Advisors,57.93463,3.349200672,12.24466799,15.35025282
KOLD,ProShares UltraShort Bloomberg Natural Gas,80.65,103688016,88.485,27.11,-,-,-,ProShares,81.079,27.38039507,25.46969327,42.08990956
KORU,Direxion Daily South Korea Bull 3X Shares,5.75,55187632,9.9,5.25,-,-,-,Direxion Funds,5.762,-20.20957993,-17.82289659,-35.52942854
KRE,SPDR S&P Regional Banking ETF,64.63,3618949632,67.12,40.76,-,-,-,SPDR State Street Global Advisors,64.61929,15.84953321,23.25823514,30.8533741
KWEB,KraneShares CSI China Internet ETF,34.3,7085177856,39.17,22.68,-,-,-,KraneShares,33.75,-7.754392428,20.436584,6.100796293
LDUR,PIMCO Enhanced Low Duration Active Exchange-Traded Fund,95.03,846630528,96.69,93.39,-,-,-,PIMCO,95.13,-0.010143118,0.467788813,2.626246557
LEMB,iShares J.P. Morgan EM Local Currency Bond ETF,37.24,362491072,38.65,35.1,-,-,-,iShares,36.79714,-2.171609458,0.462328438,2.100603414
LIT,Global X Lithium & Battery Tech ETF,45.34,1275316480,52.23,34.65,-,-,-,Global X Funds,44.92,-2.973328729,22.29264246,-3.87859834
LQD,iShares iBoxx $ Investment Grade Corporate Bond ETF,109.47,29178826752,114.07,101.65,-,-,-,iShares,108.15065,-0.532883522,1.367236232,4.880046788
LTPZ,PIMCO 15+ Year U.S. TIPS Index Exchange-Traded Fund,54.6,718383744,58.93,51.63,-,-,-,PIMCO,54.63,-1.454914973,0.325290218,5.04486526
MBB,iShares MBS ETF,93.08,33877118976,96.76,87.87,-,-,-,iShares,92.19783,-0.857792124,-0.398780638,3.827896182
MCHI,iShares MSCI China ETF,52.33,6189669376,59.79,35.58,-,-,-,iShares,49.98734,-5.520533857,18.66602381,10.66135427
MDIV,Multi-Asset Diversified Income Index Fund,16.6,443809856,16.8,14.58,-,-,-,First Trust Advisors L.P.,16.57,1.289382336,5.37180659,8.104788222
MDY,SPDR S&P MIDCAP 400 ETF Trust,599.41,22922770432,603.45,443.16,-,-,-,SPDR State Street Global Advisors,600.11,6.324916187,12.52394797,10.64920617
MDYG,SPDR S&P 400 Mid Cap Growth ETF,91.89,2714890240,92.54,67.39,-,-,-,SPDR State Street Global Advisors,91.88232,5.469910851,11.52151599,7.799063168
MDYV,SPDR S&P 400 Mid Cap Value ETF,84.07,3059402752,84.63,62.65,-,-,-,SPDR State Street Global Advisors,84.03841,7.211782823,13.90524034,14.05664125
MGC,Vanguard Mega Cap Index Fund,214.85,6383547904,216.1,156.94,-,-,-,Vanguard,214.79,3.819290319,13.2986397,16.44078882
MGK,Vanguard Mega Cap Growth Index Fund,338.99,23104616448,340.75,240.91,-,-,-,Vanguard,339,4.63669893,15.47771229,19.24920705
MGV,Vanguard Mega Cap Value Index Fund,130.69,8554117632,131.88,100.93,-,-,-,Vanguard,130.69,2.287583523,9.982196784,12.66119909
MIDU,Direxion Daily Mid Cap Bull 3X Shares,62.77,82372624,63.9316,30.26,-,-,-,Direxion Funds,62.716,18.34077552,35.96971809,22.31347263
MINT,PIMCO Enhanced Short Maturity Active Exchange-Traded Fund,100.35,11950262272,100.7,99.75,-,-,-,PIMCO,100.38,0.428929097,1.050962442,2.357165373
MLN,VanEck Long Muni ETF,17.78,539043904,18.34,16.82,-,-,-,VanEck,17.77,0.096585097,0.047090608,1.690234954
MLPA,Global X MLP ETF,48.56,1577265792,50.1,43.4,-,-,-,Global X Funds,48.42,1.584738339,5.187186136,4.890913837
MLPX,Global X MLP & Energy Infrastructure ETF,59.95,1997672960,60.35,42.29,-,-,-,Global X Funds,59.94,8.031693774,16.92379181,25.23725632
MNA,NYLI Merger Arbitrage ETF,32.9,221668352,33.15,30.36,-,-,-,New York Life Investment Management LLC,32.99059,-0.243314563,1.642388509,5.466234195
MOAT,VanEck Morningstar Wide Moat ETF,96.83,15575903232,97.98,73.86,-,-,-,VanEck,96.85,1.514998006,9.033781839,10.45930499
MOO,VanEck Agribusiness ETF,71.9,642679616,77.63,67.57,-,-,-,VanEck,72.03,-3.40599448,1.329141473,-4.806661748
MORT,VanEck Mortgage REIT Income ETF,11.26,292024800,12.56,10.31,-,-,-,VanEck,11.26,-0.088185439,-0.701138692,3.104199987
MTUM,iShares MSCI USA Momentum Factor ETF,210.46,10321936384,214.51,146.58,-,-,-,iShares,209.43498,4.312193336,17.24082601,16.40699219
MUB,iShares National Muni Bond ETF,106.57,39475367936,108.82,103.33,-,-,-,iShares,106.25068,-0.083728921,0.473120237,1.639217909
MUNI,PIMCO Intermediate Municipal Bond Active Exchange-Traded Fund,51.74,1699845760,53.02,50.39,-,-,-,PIMCO,51.78,-0.418146346,0.095568466,1.372906147
NEAR,iShares Short Duration Bond Active ETF,50.66,2915900672,51.4,49.8,-,-,-,iShares,50.5308,0.044087834,0.655445199,3.147765622
NFRA,FlexShares STOXX Global Broad Infrastructure Index Fund,57.97,2478235392,59.97,48.72,-,-,-,Flexshares Trust,57.7721,-0.617073379,5.697094425,8.622028781
NFTY,First Trust India NIFTY 50 Equal Weight ETF,60.1,283558080,65.9,48.47,-,-,-,First Trust Advisors L.P.,60.42,-5.292431839,-3.011065292,6.462886947
NLR,VanEck Uranium and Nuclear ETF,91.7,482280544,97.89,68.42,-,-,-,VanEck,91.07,5.902248175,24.79725212,7.329477298
NOBL,ProShares S&P 500 Dividend Aristocrats ETF,105.9,12279151616,108.39,87.03,-,-,-,ProShares,105.9168,0.986250304,7.110718994,8.218881016
NUGT,Direxion Daily Gold Miners Index Bull 2X Shares,48.29,559296576,60.74,23.15,-,-,-,Direxion Funds,48.318,-5.08577295,16.2161808,12.12526974
NYF,iShares New York Muni Bond ETF,53.18,787080704,54.4,51.48,-,-,-,iShares,53.11912,-0.531869871,-0.06150517,0.999326621
OEF,iShares S&P 100 ETF,289.1,13847851008,290.4,208.04,-,-,-,iShares,286.10092,4.145713879,14.20048482,17.78226548
OIH,VanEck Oil Services ETF,301.4,1346065152,353.25,262.18,-,-,-,VanEck,279.51,1.074580823,-0.284253768,-8.167787371
ONEQ,Fidelity Nasdaq Composite Index ETF,75.96,6852155904,76.17,54,-,-,-,Fidelity Investments,75.9162,5.625785765,15.97560475,18.53275163
PALL,abrdn Physical Palladium Shares ETF,94.12,466928768,114.71,77.52,-,-,-,Aberdeen Standard Investments,94.38679,-7.743773298,7.614086868,1.926084583
PBD,Invesco Global Clean Energy ETF,12.55,97274304,16.28,12.15,-,-,-,Invesco,12.47,-8.955222712,-4.999236957,-13.38580124
PBE,Invesco Biotechnology & Genome ETF,71.67,257118352,72.72,53.37,-,-,-,Invesco,70.84,5.731070862,5.637933201,12.31284577
PBJ,Invesco Food & Beverage ETF,47.9,114210760,49,42.35,-,-,-,Invesco,48.12,2.359193684,5.861862979,1.010767351
PBW,Invesco WilderHill Clean Energy ETF,20.18,312860384,30.94,17.52,-,-,-,Invesco,20.13,0.852985819,8.112653457,-6.993047727
PCEF,Invesco CEF Income Composite ETF,19.65,802799040,19.76,16.87,-,-,-,Invesco,19.48,1.10505146,7.889047332,11.40812711
PCY,Invesco Emerging Markets Sovereign Debt ETF,20.74,1354861056,21.69,18.29,-,-,-,Invesco,20.35,-0.256812534,3.703112433,6.168537674
PDN,Invesco FTSE RAFI Developed Markets ex-U.S. Small-Mid ETF,33.4005,400738720,35.49,29.15,-,-,-,Invesco,32.7,-3.714537902,2.71364954,0.776112626
PEY,Invesco High Yield Equity Dividend Achievers ETF,22.07,1218613888,22.45,18.35,-,-,-,Invesco,22.32,2.6411607,7.2413499,10.16908382
PFF,iShares Preferred and Income Securities ETF,33,15249112064,33.59,29.4,-,-,-,iShares,32.80961,1.295864649,6.515490415,8.863268983
PFM,Invesco Dividend Achievers ETF,47.23,700048448,47.71,37.12,-,-,-,Invesco,47.23,2.433249573,9.968264013,13.65360986
PFXF,VanEck Preferred Securities ex Financials ETF,18.11,1949124096,18.45,16.18,-,-,-,VanEck,18.1,1.411371576,7.278289656,8.370542606
PGHY,Invesco Global ex-US High Yield Corporate Bond ETF,20.04,140522464,20.34,18.8,-,-,-,Invesco,19.92,0.294247482,3.593583754,6.595559417
PGJ,Invesco Golden Dragon China ETF,28.07,165047888,31.97,19.97,-,-,-,Invesco,27.14,-7.367689976,23.9553552,5.436313399
PGX,Invesco Preferred ETF,12.19,4458652672,12.54,10.75,-,-,-,Invesco,12.13,0.59801712,6.315595441,10.09166166
PHB,Invesco Fundamental High Yield Corporate Bond ETF,18.38,423197856,18.65,17.36,-,-,-,Invesco,18.27,0.796634276,2.543795987,5.157418965
PHO,Invesco Water Resources ETF,71.78,2223488000,72.59,52.94,-,-,-,Invesco,72.11,2.427815582,6.067325392,5.262746479
PICB,Invesco International Corporate Bond ETF,22.5251,127491528,23.54,21.09,-,-,-,Invesco,22.29,-1.40598627,0.331578366,2.929172313
PICK,iShares MSCI Global Metals & Mining Producers ETF,42.74,908332736,46.4,36,-,-,-,iShares,41.47568,-1.891311723,8.786837096,-5.222123194
PID,Invesco International Dividend Achievers ETF,19.34,851435840,19.99,16.51,-,-,-,Invesco,19.21,-0.975352316,4.441549692,5.969143838
PIE,Invesco Dorsey Wright Emerging Markets Momentum ETF,20.4629,123269344,22.15,18.1,-,-,-,Invesco,20.31,-0.941528896,2.196701394,-5.835189882
PIZ,Invesco Dorsey Wright Developed Markets Momentum ETF,37.95,136211248,38.44,28.66,-,-,-,Invesco,37.42,1.395599788,11.04955271,10.16124533
PNQI,Invesco NASDAQ Internet ETF,45.685,776031936,45.83,32.41,-,-,-,Invesco,45.24,4.335855433,16.82506855,14.53034649
PPA,Invesco Aerospace & Defense ETF,119.79,4363660288,123.58,84.92,-,-,-,Invesco,120.23,6.274811501,14.79118062,17.32661225
PPH,VanEck Pharmaceutical ETF,90.75,673983936,99.51,75.5,-,-,-,VanEck,90.75,-3.017702994,-2.487401928,2.245595316
PPLT,abrdn Physical Platinum Shares ETF,91.27,1069405568,100,78.33,-,-,-,Aberdeen Standard Investments,90.36255,-0.35926765,3.655684598,-1.92286209
PRF,Invesco FTSE RAFI US 1000 ETF,41.89,7329176064,42.16,31.93,-,-,-,Invesco,41.92,3.852796972,10.88005417,11.7087304
PRFZ,Invesco FTSE RAFI US 1500 Small-Mid ETF,44.07,2524534784,44.44,31.51,-,-,-,Invesco,44.29,8.284465679,14.62167283,14.47800288
PSI,Invesco Semiconductors ETF,59.02,703835008,67.33,41.4,-,-,-,Invesco,57.58,1.048831864,11.61697437,5.474012699
PSK,SPDR ICE Preferred Securities ETF,35.04,931938880,36.06,31.66,-,-,-,SPDR State Street Global Advisors,34.97117,0.632275676,4.959688167,8.11337999
PSQ,ProShares Short QQQ,37.68,666233536,52.35,37.62,-,-,-,ProShares,37.6814,-3.755751772,-11.73748281,-12.09124953
PWV,Invesco Dynamic Large Cap Value ETF,60.1,985290048,60.6,46.14,-,-,-,Invesco,60.53,2.843033914,9.12187525,9.662300682
PWZ,Invesco California AMT-Free Municipal Bond ETF,24.82,691544064,25.32,23.42,-,-,-,Invesco,24.42,-0.246081813,0.534535663,1.945959371
PXE,Invesco Dynamic Energy Exploration & Production ETF,30.4956,106645744,37.48,28.27,-,-,-,Invesco,30.76,-1.561005991,-1.181497403,-9.935723884
PXF,Invesco FTSE RAFI Developed Markets ex-U.S. ETF,50.4176,1697163648,52.89,43.26,-,-,-,Invesco,49.56,-2.781045722,4.041971692,0.774610999
PXH,Invesco FTSE RAFI Emerging Markets ETF,22.14,1235101824,23.27,17.8,-,-,-,Invesco,21.64,-2.676951579,9.575682297,7.945074413
PZA,Invesco National AMT-Free Municipal Bond ETF,23.65,3068068352,24.29,22.44,-,-,-,Invesco,23.51,-0.312579697,1.14053452,2.367144981
PZT,Invesco New York AMT-Free Municipal Bond ETF,22.7951,131415240,23.89,21.54,-,-,-,Invesco,22.6,-1.088232358,-0.529302836,0.551958616
QAI,NYLI Hedge Multi-Strategy Tracker ETF,32.39,625657024,32.41,29.79,-,-,-,New York Life Investment Management LLC,32.2654,0.873086317,4.828249625,5.100707448
QCLN,First Trust NASDAQ Clean Edge Green Energy Index Fund,33.96,604302656,43.5,29.95,-,-,-,First Trust Advisors L.P.,33.85,-0.408996177,3.534221135,-0.979941336
QDF,FlexShares Quality Dividend Index Fund,72.94,1850809600,73.1249,56.49,-,-,-,Flexshares Trust,72.9092,2.339916078,9.987260157,14.17692721
QID,ProShares UltraShort QQQ,32.79,264064608,63.9,32.65,-,-,-,ProShares,32.781,-7.822179298,-23.49057619,-25.67537768
QLD,ProShares Ultra QQQ,110.45,7000718848,110.93,64.26,-,-,-,ProShares,110.4242,8.039460298,28.61059376,29.77244333
QLTA,iShares Aaa - A Rated Corporate Bond ETF,47.76,1646859264,49.53,44.95,-,-,-,iShares,47.31083,-0.667623143,1.019083515,4.251861027
QQEW,First Trust NASDAQ-100 Equal Weighted Index Fund,130.69,1887089152,130.91,103.89,-,-,-,First Trust Advisors L.P.,129.08,2.912157556,11.00044123,8.814885389
QQQ,Invesco QQQ Trust,513.54,2.91866E+11,514.92,375.24,-,-,-,Invesco,505.74,4.374838805,14.90670796,16.92913246
QQQE,Direxion NASDAQ-100 Equal Weighted Index Shares,94.08,1269275136,94.26,74.76,-,-,-,Direxion Funds,94.098,3.138718749,11.32563498,9.112851707
QTEC,First Trust NASDAQ-100-Technology Sector Index Fund,200.52,3810406656,206.52,150.65,-,-,-,First Trust Advisors L.P.,196,1.611835559,11.77131318,8.391124821
QUAL,iShares MSCI USA Quality Factor ETF,183.98,48997535744,185.01,137.01,-,-,-,iShares,182.19188,2.307779756,10.60801628,14.14473442
QYLD,Global X NASDAQ 100 Covered Call ETF,18.52,8100160512,18.54,15.91,-,-,-,Global X Funds,18.51,3.008606252,13.1272696,11.52009474
RAVI,FlexShares Ultra-Short Income Fund,75.32,1151154816,75.68,74.73,-,-,-,Flexshares Trust,75.2998,0.342878978,0.947512611,2.418930719
RDIV,Invesco S&P Ultra Dividend Revenue ETF,50.62,944644672,51.07,36.29,-,-,-,Invesco,50.99,3.341481924,9.311494182,13.91090529
RDVY,First Trust Rising Dividend Achievers ETF,62.73,12179432448,63.51,45.47,-,-,-,First Trust Advisors L.P.,63.43,6.008441136,14.3048023,14.5426791
REM,iShares Mortgage Real Estate Capped ETF,22.79,643360640,25.18,21.01,-,-,-,iShares,22.51953,0.873747349,2.306565005,6.28896178
REMX,VanEck Rare Earth and Strategic Metals ETF,49.52,269337152,62.97,36.01,-,-,-,VanEck,49.51,-0.622663419,23.08483082,-13.32367919
RETL,Direxion Daily Retail Bull 3X Shares,9.99,40764692,11.4,5.21,-,-,-,Direxion Funds,9.993,15.97633624,18.46097094,6.368809771
REZ,iShares Residential and Multisector Real Estate ETF,86.6,1230900608,91.64,63.27,-,-,-,iShares,85.44735,3.931980288,8.006365631,20.74762073
RIGS,RiverFront Strategic Income Fund,22.9519,81666792,24.29,20.03,-,-,-,ALPS,22.9294,0.614602359,0.834934462,3.752989538
RING,iShares MSCI Global Gold Miners ETF,32.43,748757568,36.5,20.18,-,-,-,iShares,31.61273,-3.084367908,9.013604262,13.94439455
RLY,SPDR SSgA Multi-Asset Real Return ETF,28.89,500130368,29.24,25.91,-,-,-,SPDR State Street Global Advisors,28.85057,-0.864154847,5.031467013,1.591113836
ROBO,Robo Global Robotics and Automation Index ETF,58.6,1076406016,59.747,48.14,-,-,-,Robo Global,58.45,2.292767583,10.60259634,1.540618145
ROM,ProShares Ultra Technology,73.54,681926976,77.46,45.53,-,-,-,ProShares,73.4645,4.872458563,30.56836315,26.53400658
RPG,Invesco S&P 500 Pure Growth ETF,41.81,1452838912,42.38,29.87,-,-,-,Invesco,41.42,4.233318633,20.29996435,19.99817546
RPV,Invesco S&P 500 Pure Value ETF,93.42,1996271232,94.09,71.44,-,-,-,Invesco,93.7,5.759868937,12.56486958,9.795260784
RSP,Invesco S&P 500 Equal Weight ETF,183.08,66063659008,184.47,140.06,-,-,-,Invesco,182.88,3.339889088,11.13886036,11.89515602
RSPD,Invesco S&P 500 Equal Weight Consumer Discretionary ETF,53.54,282828288,53.93,40.67,-,-,-,Invesco,53.07,3.450936866,16.39487873,11.94160492
RSPG,Invesco S&P 500 Equal Weight Energy ETF,81.54,518336672,86.59,68.97,-,-,-,Invesco,82.31,1.358525945,5.397679563,1.084092382
RSPH,Invesco S&P 500 Equal Weight Health Care ETF,31.44,901823360,32.85,26.1,-,-,-,Invesco,31.29,0,1.757465771,3.67043436
RSPM,Invesco S&P 500 Equal Weight Materials ETF,36.91,273133856,37.85,29.8,-,-,-,Invesco,36.83,-0.732691056,7.003370933,1.467503289
RSPN,Invesco S&P 500 Equal Weight Industrials ETF,53.8,648324608,54.69,38.34,-,-,-,Invesco,54.1,6.814175765,17.27896045,16.38254722
RSPS,Invesco S&P 500 Equal Weight Consumer Staples ETF,30.79,339063904,33.05,29.41,-,-,-,Invesco,30.8,-1.805510612,-0.61253233,-2.762222038
RSPT,Invesco S&P 500 Equal Weight Technology ETF,38.98,3460818944,39.04,28.35,-,-,-,Invesco,38.42,2.125419957,12.44746372,15.44143946
RSPU,Invesco S&P 500 Equal Weight Utilities ETF,66.67,361905088,69.87,51.02,-,-,-,Invesco,66.55,2.04234973,9.527122571,13.3573658
RWJ,Invesco S&P SmallCap 600 Revenue ETF,47.88,1620998016,48.46,34.56,-,-,-,Invesco,48.26,7.341089429,12.67041248,16.39331089
RWK,Invesco S&P MidCap 400 Revenue ETF,122.1484,864123584,123.24,91.09,-,-,-,Invesco,122.5,5.72961978,11.97071318,8.530791167
RWL,Invesco S&P 500 Revenue ETF,101.38,3888665856,102.22,78.43,-,-,-,Invesco,101.36,3.90100002,11.33980777,11.62923444
RWM,ProShares Short Russell2000,17.72,157496944,25.67,17.57,-,-,-,ProShares,17.736,-8.850927078,-12.51045681,-12.21115924
RWO,SPDR Dow Jones Global Real Estate ETF,45.6,1230994432,48.6,37.18,-,-,-,SPDR State Street Global Advisors,45.61937,0.590164935,4.878567641,12.62374488
RWR,SPDR Dow Jones REIT ETF,104.36,1858458752,109.04,80.76,-,-,-,SPDR State Street Global Advisors,104.42215,3.02323372,7.314848042,18.31475328
RWX,SPDR Dow Jones International Real Estate ETF,25,272016224,28.19,23.59,-,-,-,SPDR State Street Global Advisors,25.01014,-5.81351084,-1.277663566,-0.43695596
RXD,ProShares UltraShort Health Care,10.22,1263308,14.04,9.11,-,-,-,ProShares,10.2114,3.822312747,0.557915616,-6.132046985
SCHA,Schwab U.S. Small-Cap ETF,27.47,17919463424,50.79,19.76,-,-,-,Schwab ETFs,27.48,9.198578487,15.54583108,15.38723989
SCHB,Schwab U.S. Broad Market ETF,23.13,31158861824,64.77,16.913334,-,-,-,Schwab ETFs,22.96,4.527733907,13.81284834,16.61073694
SCHC,Schwab International Small-Cap Equity ETF,37.18,4060156160,38.95,31.56,-,-,-,Schwab ETFs,36.39,-2.391067284,4.197400531,2.194473553
SCHD,Schwab U.S. Dividend Equity ETF,28.91,63441440768,83.86,23,-,-,-,Schwab ETFs,29.05,3.09619346,11.72600588,14.42191857
SCHE,Schwab Emerging Markets Equity ETF,29.25,9419769856,30.25,23.33,-,-,-,Schwab ETFs,28.69,-2.496578481,8.03334933,8.831401386
SCHF,Schwab International Equity ETF,19.84,40382337024,40.66,16.94,-,-,-,Schwab ETFs,19.46,-3.02429652,3.246237957,1.925883563
SCHG,Schwab U.S. Large-Cap Growth ETF,27.62,33192323072,100.59,19.15,-,-,-,Schwab ETFs,27.18,5.363076989,16.5365252,20.21043489
SCHH,Schwab U.S. REIT ETF,22.34,7813876224,23.66,17.54,-,-,-,Schwab ETFs,22.14,1.658452927,5.826068584,17.65430161
SCHM,Schwab U.S. Mid-Cap ETF,29.06,11218847744,81.16,21.81,-,-,-,Schwab ETFs,29.05,5.925029577,13.87710635,11.27377837
SCHO,Schwab Short-Term U.S. Treasury ETF,24.17,11537959936,48.79,23.85,-,-,-,Schwab ETFs,24.14,-0.135799742,0.93686504,3.686801741
SCHP,Schwab U.S. TIPS ETF,26.3,11581575168,53.11,25.13,-,-,-,Schwab ETFs,26.19,-0.811892818,0.847285771,4.338364715
SCHR,Schwab Intermediate-Term U.S. Treasury ETF,24.52,10053472256,50.28,23.825,-,-,-,Schwab ETFs,24.38,-1.02595305,-0.683773626,4.272392292
SCHV,Schwab U.S. Large-Cap Value ETF,27.31,11727133696,78.8,21.26,-,-,-,Schwab ETFs,27.39,2.934197115,11.61235525,14.21713556
SCHX,Schwab U.S. Large-Cap ETF,23.57,49450053632,66.02,17.25,-,-,-,Schwab ETFs,23.38,4.210064304,13.59417336,16.66359232
SCHZ,Schwab U.S. Aggregate Bond ETF,23.06,8368737280,47.17,21.985,-,-,-,Schwab ETFs,22.88,-0.765854885,0.083578278,4.579620859
SCJ,iShares MSCI Japan Small-Cap ETF,75.24,140245136,79.99,66.23,-,-,-,iShares,74.03068,-3.515575965,5.93160243,2.285686449
SCO,ProShares UltraShort Bloomberg Crude Oil,17.08,100409888,22.39,14.44,-,-,-,ProShares,16.97,8.01713252,1.846507191,6.710995415
SCZ,iShares MSCI EAFE Small-Cap ETF,64.46,8635436032,68.33,55.3,-,-,-,iShares,63.36717,-3.100776542,3.439881381,1.571717497
SDIV,Global X SuperDividend ETF,22.22,789022272,23.78,20.45,-,-,-,Global X Funds,22.17,-3.43567122,2.777028239,2.524629834
SDOG,ALPS Sector Dividend Dogs ETF,59.8309,1230965888,60.22,45.28,-,-,-,ALPS,59.8371,2.237017636,9.152044671,14.04085255
SDOW,ProShares UltraPro Short Dow30,47.48,324036768,98.96,14.17,-,-,-,ProShares,47.4879,-10.06168295,-27.03103784,-26.31627996
SDP,ProShares UltraShort Utilities,16.36,3036789,29.02,8.72,-,-,-,ProShares,16.3168,-1.319095711,-14.18471797,-18.1206691
SDS,ProShares UltraShort S&P500,19.32,476897504,35.6,19.09,-,-,-,ProShares,19.3287,-6.621229551,-19.97349598,-21.79586725
SDY,SPDR S&P Dividend ETF,140.64,22158901248,144.06,113.7,-,-,-,SPDR State Street Global Advisors,140.6318,0.970112409,7.367776684,10.02575161
SGOL,abrdn Physical Gold Shares ETF,25.82,3916352000,26.65,18.48,-,-,-,Aberdeen Standard Investments,25.70568,2.192105356,10.75593871,14.46428494
SH,ProShares Short S&P500,42.09,985521728,56.92,11.24,-,-,-,ProShares,42.0877,-3.096118739,-10.78332467,-12.18752157
SHM,SPDR Nuveen Bloomberg Short Term Municipal Bond ETF,47.57,3688666880,48.2,46.74,-,-,-,SPDR State Street Global Advisors,47.54588,-0.241410151,0.571149233,1.881677034
SHV,iShares Short Treasury Bond ETF,110.2,18262251520,110.64,109.85,-,-,-,iShares,110.19415,0.405938207,0.903072789,2.234841625
SHY,iShares 1-3 Year Treasury Bond ETF,82.13,22080647168,83.3,80.91,-,-,-,iShares,82.08594,-0.141900131,0.218799034,2.59104137
SHYD,VanEck Short High Yield Muni ETF,22.53,308930080,22.93,21.35,-,-,-,VanEck,22.53,0.274604824,1.388515666,2.499103663
SHYG,iShares 0-5 Year High Yield Corporate Bond ETF,43.15,6003436544,43.45,40.99,-,-,-,iShares,42.82806,1.252644625,3.240143323,5.527385704
SIJ,ProShares UltraShort Industrials,7.4958,1371865,14.34,7.305,-,-,-,ProShares,7.5007,-8.020048433,-22.83251095,-20.33974914
SIL,Global X Silver Miners ETF,38.59,1362383872,42.29,22.58,-,-,-,Global X Funds,38.64,3.636362872,25.5674235,12.52145035
SILJ,Amplify Junior Silver Miners ETF,13.6,1155375616,15.18,7.8,-,-,-,Amplify ETFs,13.0914,-0.678734171,21.27072277,9.658616364
SIVR,abrdn Physical Silver Shares ETF,30.52,1608978432,33.31,21,-,-,-,Aberdeen Standard Investments,29.70808,0.471226191,13.97479867,10.26967388
SJB,ProShares Short High Yield,16.275,84708616,18.37,16.17,-,-,-,ProShares,16.2784,-0.489895432,-1.999402312,-2.884362963
SJNK,SPDR Bloomberg Short Term High Yield Bond ETF,25.58,4959531520,25.77,24.32,-,-,-,SPDR State Street Global Advisors,25.46909,1.208338979,3.451830291,5.883113561
SKF,ProShares UltraShort Financials,34.965,11879536,73.76,10.33,-,-,-,ProShares,34.9633,-14.3532347,-26.98078072,-28.98531328
SKYY,First Trust Cloud Computing ETF,117.33,3088938752,117.81,76.41,-,-,-,First Trust Advisors L.P.,113.6,11.27079986,29.20509216,26.44246341
SLQD,iShares 0-5 Year Investment Grade Corporate Bond ETF,49.91,2116263680,50.46,48.01,-,-,-,iShares,49.74347,0.018809459,0.923963306,3.327347961
SLV,iShares Silver Trust,29.11,16156682240,31.8,20.07,-,-,-,iShares,28.35703,0.352362172,13.87444735,10.13147282
SLVO,Credit Suisse X-Links Silver Shares Covered Call ETN,81.36,189497232,86.36,68.51,-,-,-,Credit Suisse AG,79.8458,1.382211626,13.26327001,13.25186086
SLVP,iShares MSCI Global Silver and Metals Miners ETF,13.95,262545184,15.63,8.01,-,-,-,iShares,13.55577,-1.598839123,20.56990662,9.829102441
SLYG,SPDR S&P 600 Small Cap Growth ETF,97.47,3517339904,98.41,70.99,-,-,-,SPDR State Street Global Advisors,97.40583,7.855179279,12.27183721,13.48686577
SLYV,SPDR S&P 600 Small Cap Value ETF,92.53,3922920192,93.47,69.37,-,-,-,SPDR State Street Global Advisors,92.4915,10.08173692,14.0964753,15.28436667
SMB,VanEck Short Muni ETF,17.14,265872896,17.29,16.83,-,-,-,VanEck,17.1,-0.133225527,0.595694798,2.052800361
SMDD,ProShares UltraPro Short MidCap400,7.8333,3373324,20.7,7.71,-,-,-,ProShares,7.8409,-16.97100246,-29.91791167,-26.09867184
SMH,VanEck Semiconductor ETF,261.02,23852523520,283.07,155.19,-,-,-,VanEck,261.05,1.841744572,15.30834205,17.89253631
SMIN,iShares MSCI India Small-Cap ETF,83.51,1001835584,87.06,64.53,-,-,-,iShares,83.99039,-3.635507302,0.381160152,12.06589032
SMLV,SPDR SSGA US Small Cap Low Volatility Index ETF,135.9635,200039888,139.22,97.03,-,-,-,SPDR State Street Global Advisors,135.96657,12.63374988,17.1941618,24.39067673
SMMU,PIMCO Short Term Municipal Bond Active Exchange-Traded Fund,49.82,634525632,50.54,49.21,-,-,-,PIMCO,49.86,-0.099009283,0.379572998,1.716633346
SOXL,Direxion Daily Semiconductor Bull 3X Shares,36.21,9351418880,70.08,19.58,-,-,-,Direxion Funds,36.314,-6.397044321,12.75507861,-10.9801248
SOXS,Direxion Daily Semiconductor Bear 3X Shares,18.83,884428800,99.9,17.73,-,-,-,Direxion Funds,18.825,-0.67009878,-33.42730228,-42.28527908
SOXX,iShares Semiconductor ETF,233.1,13832958976,267.24,162.25333,-,-,-,iShares,233.21129,-0.916487961,8.863748581,6.473628439
SOYB,Teucrium Soybean,22.0316,28489738,28.95,21.02,-,-,-,Teucrium,21.5956,-0.494820986,0.499775598,-13.35683414
SPAB,SPDR Portfolio Aggregate Bond ETF,25.37,8277901824,26.35,24.17,-,-,-,SPDR State Street Global Advisors,25.35497,-0.687809559,-0.138821369,3.704191042
SPBO,SPDR Portfolio Corporate Bond ETF,29.22,1807651456,30.26,27.42,-,-,-,SPDR State Street Global Advisors,29.1549,-0.348134555,1.315683948,4.739809668
SPDW,SPDR Portfolio Developed World ex-US ETF,36.29,20641716224,38,30.88,-,-,-,SPDR State Street Global Advisors,36.1173,-2.850160784,3.529075011,1.376658504
SPEM,SPDR Portfolio Emerging Markets ETF,41.43,10242279424,42.88,33.52,-,-,-,SPDR State Street Global Advisors,41.06073,-2.009203107,8.612822766,9.294288122
SPEU,SPDR Portfolio Europe ETF,42.13,487698304,45,35.96,-,-,-,SPDR State Street Global Advisors,41.9086,-4.137765072,0.392868126,-1.189045922
SPGM,SPDR Portfolio MSCI Global Stock Market ETF,65.71,875641472,65.81,50.85,-,-,-,SPDR State Street Global Advisors,65.62931,1.54942669,10.35528134,10.92370297
SPGP,Invesco S&P 500 GARP ETF,110.39,4100509184,111.19,89.97,-,-,-,Invesco,110.92,4.300261712,12.04532435,7.96437999
SPHB,Invesco S&P 500 High Beta ETF,92.09,355134400,92.27,67.34,-,-,-,Invesco,90.96,2.4571926,14.7973724,11.03411061
SPHD,Invesco S&P 500 High Dividend Low Volatility ETF,50.13,3448331264,51.073,38.26,-,-,-,Invesco,50.13,1.611091016,6.995473304,14.65242332
SPHQ,Invesco S&P 500 Quality ETF,68.3,11362696192,68.73,50.79,-,-,-,Invesco,67.9,1.917361681,9.250671481,15.16357197
SPHY,SPDR Portfolio High Yield Bond ETF,23.79,5774397440,24.07,22.37,-,-,-,SPDR State Street Global Advisors,23.70272,1.120786985,3.350231328,6.1613675
SPIB,SPDR Portfolio Intermediate Term Corporate Bond ETF,33.09,9475954688,33.86,31.34,-,-,-,SPDR State Street Global Advisors,33.05383,-0.292206915,0.896595991,4.1871962
SPIP,SPDR Portfolio TIPS ETF,25.73,871008832,26.44,24.7,-,-,-,SPDR State Street Global Advisors,25.73269,-0.771637552,0.720839584,3.651052989
SPLB,SPDR Portfolio Long Term Corporate Bond ETF,23.12,992609856,24.53,21.05,-,-,-,SPDR State Street Global Advisors,23.03892,-0.430603739,2.151930409,5.832391194
SPLG,SPDR Portfolio S&P 500 ETF,70.06,48088768512,70.53,51.56,-,-,-,SPDR State Street Global Advisors,70.048,3.851830768,13.10071601,15.77634137
SPLV,Invesco S&P 500 Low Volatility ETF,72.54,7454425088,73.41,59.65,-,-,-,Invesco,72.65,2.810058702,8.255893042,13.1871222
SPMB,SPDR Portfolio Mortgage Backed Bond ETF,21.88,5556505600,22.76,20.59,-,-,-,SPDR State Street Global Advisors,21.88157,-0.873728925,-0.265356063,3.921704924
SPMD,SPDR Portfolio S&P 400 Mid Cap ETF,57.53,11543741440,57.93,42.51,-,-,-,SPDR State Street Global Advisors,57.52024,6.421346415,12.73971228,10.91356532
SPSB,SPDR Portfolio Short Term Corporate Bond ETF,29.96,8121394688,30.31,29.27,-,-,-,SPDR State Street Global Advisors,29.94219,0.034070035,0.883610315,3.157030606
SPSM,SPDR Portfolio S&P 600 Small Cap ETF,48.06,11773446144,48.54,35.49,-,-,-,SPDR State Street Global Advisors,48.04184,8.873870476,13.22592869,14.38231044
SPTI,SPDR Portfolio Intermediate Term Treasury ETF,28.17,6669381632,29.28,27.37,-,-,-,SPDR State Street Global Advisors,28.16921,-0.980839815,-1.017571509,3.016343025
SPTL,SPDR Portfolio Long Term Treasury ETF,27.17,10803739648,29.95,25.7,-,-,-,SPDR State Street Global Advisors,27.14186,-1.394298445,-2.029210581,3.898755966
SPTM,SPDR Portfolio S&P 1500 Composite Stock Market ETF,72.84,9145400320,73.32,53.6,-,-,-,SPDR State Street Global Advisors,72.82444,4.141175183,13.22989099,15.55420601
SPTS,SPDR Portfolio Short Term Treasury ETF,29.03,5729755648,29.46,28.62,-,-,-,SPDR State Street Global Advisors,29.02956,-0.161089157,0.266977261,2.659458184
SPXL,Direxion Daily S&P500 Bull 3X Shares,180.09,4891050496,183.5,82.47,-,-,-,Direxion Funds,180.009,10.40896235,38.40762377,41.65183346
SPXS,Direxion Daily S&P 500 Bear 3X Shares,5.99,508273696,14.74,5.88,-,-,-,Direxion Funds,5.996,-10.03039293,-29.15488639,-32.34326921
SPXU,ProShares UltraPro Short S&P500,21.83,564837056,55.7,21.44,-,-,-,ProShares,21.845,-10.08333365,-29.29044805,-32.50577235
SPY,SPDR S&P 500 ETF Trust,595.61,5.85432E+11,599.64,438.42,-,-,-,SPDR State Street Global Advisors,595.5265,3.828996472,13.07355083,15.72381753
SPYG,SPDR Portfolio S&P 500 Growth ETF,87.35,30488772608,87.78,60.91,-,-,-,SPDR State Street Global Advisors,87.31875,4.622545462,15.9206647,19.78844039
SPYV,SPDR Portfolio S&P 500 Value ETF,53.8,24385366016,54.28,42.22,-,-,-,SPDR State Street Global Advisors,53.79122,2.888636428,9.486284163,11.09178933
SQQQ,ProShares UltraPro Short QQQ,31.69,2800208128,88.55,8.47,-,-,-,ProShares,31.6829,-12.13889122,-34.43435417,-38.41679006
SRLN,SPDR Blackstone Senior Loan ETF,41.84,6629313024,42.13,40.71,-,-,-,SPDR State Street Global Advisors,41.7866,1.074345243,2.821107852,3.530622915
SRS,ProShares UltraShort Real Estate,47.64,27537504,82.8,12.16,-,-,-,ProShares,47.6503,-4.121564331,-9.48178676,-24.99477575
SRTY,ProShares UltraPro Short Russell2000,15.98,86804824,55.04,15.54,-,-,-,ProShares,15.9981,-26.0520065,-36.83085728,-39.89582235
SSG,ProShares UltraShort Semiconductors,24.7698,7186766,167.5,7.42,-,-,-,ProShares,24.7693,-10.26737697,-44.24761335,-59.00071551
SSO,ProShares Ultra S&P500,96.29,5191311872,97.53,55.57,-,-,-,ProShares,96.2803,7.068809011,25.26396101,28.44696197
STIP,iShares 0-5 Year TIPS Bond ETF,100.85,8105918976,101.52,96.84,-,-,-,iShares,100.81159,-0.09674908,1.192764357,3.129053441
STPZ,PIMCO 1-5 Year U.S. TIPS Index Exchange-Traded Fund,52.5,475502112,52.97,50.12,-,-,-,PIMCO,52.51,-0.227758704,1.097054852,3.173862526
SUB,iShares Short-Term National Muni Bond ETF,105.22,8679618560,106.3,103.53,-,-,-,iShares,105.22551,-0.196943242,0.454827338,1.716903135
SUSA,iShares MSCI USA ESG Select ETF,123.73,3650515456,124.81,91.04,-,-,-,iShares,122.51741,3.490115261,12.44155331,15.97841671
SVXY,ProShares Short VIX Short-Term Futures ETF,51.89,287893248,64.22,38.6,-,-,-,ProShares,51.803,9.544885549,13.6890492,-10.0985647
SYLD,Cambria Shareholder Yield ETF,73.89,1224269184,74.35,59.77,-,-,-,CAMBRIA ETF TRUST,74.1588,2.951406186,9.176773516,6.043098723
TAN,Invesco Solar ETF,37.58,1029449344,54.62,35.74,-,-,-,Invesco,37.54,-6.559499091,-10.34825813,-16.57407343
TBF,ProShares Short 20+ Year Treasury,23.8,81168376,25.59,21.56,-,-,-,ProShares,23.7726,1.953968051,3.890390806,-0.771689998
TBT,ProShares UltraShort 20+ Year Treasury,34.21,285070048,40.12,28,-,-,-,ProShares,34.1823,3.188862595,6.401781973,-4.305479101
TDIV,First Trust NASDAQ Technology Dividend Index Fund,81.86,2828166400,82.43,58.43,-,-,-,First Trust Advisors L.P.,80.91,1.508409078,12.92105839,19.39678114
TDTF,FlexShares iBoxx 5-Year Target Duration TIPS Index Fund,23.61,703491904,24.2,22.78,-,-,-,Flexshares Trust,23.5905,-0.937414906,0.338302032,3.440961798
TDTT,FlexShares iBoxx 3-Year Target Duration TIPS Index Fund,23.78,1721902848,24.13,22.92,-,-,-,Flexshares Trust,23.789,-0.417441704,0.83727433,3.121442102
TECL,Direxion Daily Technology Bull 3X Shares,99.12,3079038208,112.78,53.37,-,-,-,Direxion Funds,99.213,6.798742657,44.9882425,33.5057172
TECS,Direxion Daily Technology Bear 3X Shares,45.38,105800736,126.2,6.18,-,-,-,Direxion Funds,45.344,-9.021949662,-38.53523565,-41.86742559
THD,iShares MSCI Thailand ETF,66.05,212519680,69.99,53.71,-,-,-,iShares,65.5502,-4.244027745,14.70432764,12.50635461
TILT,FlexShares Morningstar US Market Factors Tilt Index Fund,222.41,1689829888,223.33,163.99,-,-,-,Flexshares Trust,222.3852,4.99271063,13.43237093,14.65511197
TIP,iShares TIPS Bond ETF,108.27,17432885248,111.06,103.19,-,-,-,iShares,108.19553,-0.740583826,0.712785741,3.615677484
TIPX,SPDR Bloomberg 1-10 Year TIPS ETF,18.68,1380695040,19.02,18.03,-,-,-,SPDR State Street Global Advisors,18.69126,-0.594239926,0.736787256,3.366400568
TIPZ,PIMCO Broad U.S. TIPS Index Exchange-Traded Fund,52.7906,110100440,54.34,51.34,-,-,-,PIMCO,52.81,-0.895892257,0.472225657,3.263093402
TLH,iShares 10-20 Year Treasury Bond ETF,102.65,7248967168,111.83,97.07,-,-,-,iShares,102.59234,-1.476560422,-1.846802911,3.804445113
TLT,iShares 20+ Year Treasury Bond ETF,91.33,60126015488,101.64,86.9,-,-,-,iShares,91.24128,-1.358226987,-2.324587745,3.753593828
TMF,Direxion Daily 20+ Year Treasury Bull 3X Shares,46.44,6032657920,67.87,42.66,-,-,-,Direxion Funds,46.473,-5.71652678,-10.17261145,2.313262577
TMV,Direxion Daily 20+ Year Treasury Bear 3X Shares,35.31,174278208,44.99,26.16,-,-,-,Direxion Funds,35.299,4.447855309,9.024750968,-7.750705408
TNA,Direxion Daily Small Cap Bull 3X Shares,52.76,2144417664,54.22,23.71,-,-,-,Direxion Funds,52.707,29.27063501,44.52017041,38.42084435
TQQQ,ProShares UltraPro QQQ,82.55,22304825344,85.2,39.75,-,-,-,ProShares,82.5725,11.65834478,42.98395436,41.79681727
TUR,iShares MSCI Turkey ETF,33.89,171367616,44.41,31.55,-,-,-,iShares,33.63921,2.009457158,-11.09966822,-15.64440523
TWM,ProShares UltraShort Russell2000,39.68,51607160,86.75,9.53,-,-,-,ProShares,39.7382,-17.57894416,-25.25773057,-26.56263394
TYD,Direxion Daily 7-10 Year Treasury Bull 3X Shares,24.88,51535908,29.44,23.15,-,-,-,Direxion Funds,24.887,-4.969656081,-6.941381579,3.400080825
TZA,Direxion Daily Small Cap Bear 3X Shares,10.79,350602624,35.95,10.51,-,-,-,Direxion Funds,10.828,-26.01398753,-36.57129625,-39.55561178
UBT,ProShares Ultra 20+ Year Treasury,18.6,135395632,23.22,17.2,-,-,-,ProShares,18.5865,-3.491905496,-5.775722559,4.333708516
UCO,ProShares Ultra Bloomberg Crude Oil,27.69,644231104,36.51,22.88,-,-,-,ProShares,27.861,-9.804581595,-9.40777953,-15.84407134
UDN,Invesco DB US Dollar Index Bearish Fund,18.3,68820672,19.3,17.65,-,-,-,Invesco,18.16,-1.942798689,-1.410744572,1.45170425
UDOW,ProShares UltraPro Dow30,104.26,634817600,107.19,56.22,-,-,-,ProShares,94.1824,9.720787821,34.69943746,31.32643225
UGA,United States Gasoline Fund LP,63.29,97500560,74.57,55.37,-,-,-,USCF Investments,63.445,-4.583074742,-5.380758271,-7.941441184
UGE,ProShares Ultra Consumer Goods,18.6497,10726826,20.97,14.54,-,-,-,ProShares,18.6495,-1.597935423,3.739206333,8.044337151
UGL,ProShares Ultra Gold,100.36,345641536,107.2,56.81,-,-,-,ProShares,99.916,3.633128618,20.07764526,24.55014702
ULST,SPDR SSgA Ultra Short Term Bond ETF,40.48,537987904,40.84,40.18,-,-,-,SPDR State Street Global Advisors,40.44398,0.217555694,0.719433406,2.427585323
UNG,United States Natural Gas Fund LP,12.66,797906752,27.48,12.35,-,-,-,USCF Investments,12.639,-17.18440424,-11.63611098,-25.94562839
UNL,United States 12 Month Natural Gas Fund LP,6.89,18328522,11.01,6.79,-,-,-,USCF Investments,6.891,-9.630607209,-10.10498678,-14.37500119
UPRO,ProShares UltraPro S&P500,94.58,3787277312,96.4,43.4,-,-,-,ProShares,94.5774,10.35833364,38.38796524,41.74966398
URA,Global X Uranium ETF,31.52,3611342592,33.99,22.79,-,-,-,Global X Funds,31.23,4.835983497,25.55690291,-2.49322795
URTH,iShares MSCI World ETF,159.91,3981114624,160.2,122.23,-,-,-,iShares,158.33615,2.068440696,10.88917534,11.82220456
URTY,ProShares UltraPro Russell2000,62.09,412773216,63.82,27.83,-,-,-,ProShares,61.9913,29.28819288,44.48953542,38.39383839
USD,ProShares Ultra Semiconductors,74.93,1175116544,113.63,21.07,-,-,-,ProShares,74.8903,8.059435223,52.29546544,62.13068662
USDU,WisdomTree Bloomberg U.S. Dollar Bullish Fund,27.49,175406160,28.32,25,-,-,-,WisdomTree,27.678,2.482401193,3.247476305,4.337984189
USIG,iShares Broad USD Investment Grade Corporate Bond ETF,51.22,12277422080,52.94,47.84,-,-,-,iShares,50.7667,-0.381561185,1.219258871,4.678305581
USMV,iShares MSCI USA Min Vol Factor ETF,92.63,23877894144,93.69,73.69,-,-,-,iShares,92.43541,2.320747435,8.416617221,14.05150727
USO,United States Oil Fund LP,74.66,1394262912,83.41,63.84,-,-,-,USCF Investments,75.066,-5.96631039,-2.959133942,-4.43021372
UUP,Invesco DB US Dollar Index Bullish Fund,29.32,299359552,29.88,26.92,-,-,-,Invesco,29.55,2.464425564,3.216783441,2.857141718
UVXY,ProShares Ultra VIX Short-Term Futures ETF,21.13,329341280,65.87,20.55,-,-,-,ProShares,21.071,-26.83438183,-44.52979991,-25.84985586
UWM,ProShares Ultra Russell2000,48.53,465751808,49.43,26.83,-,-,-,ProShares,48.5059,19.31653307,29.6735891,28.2173717
UYM,ProShares Ultra Materials,29.49,42526584,31.15,20.12,-,-,-,ProShares,29.3984,-2.569304364,12.10192727,3.294207723
VAW,Vanguard Materials Index Fund ETF Shares,212.63,4230442496,215.82,168.23,-,-,-,Vanguard,212.53,0.946098881,9.155249102,5.315077275
VB,Vanguard Small-Cap Index Fund ETF Shares,251.24,1.50697E+11,253.57,181.96,-,-,-,Vanguard,251.16,7.673327443,15.37586806,14.08331175
VBK,Vanguard Small-Cap Growth Index Fund ETF Shares,286.29,35844177920,290.26,203.31,-,-,-,Vanguard,286.18,8.561175549,17.62214367,15.31230162
VBR,Vanguard Small-Cap Value Index Fund ETF Shares,210.92,57604091904,212.6,155.04,-,-,-,Vanguard,210.85,7.023309445,13.81855855,13.40136317
VCIT,Vanguard Intermediate-Term Corporate Bond Index Fund ETF Shares,81.555,50085322752,84.26,75.76,-,-,-,Vanguard,81.44,-0.595034911,0.918333602,4.832745108
VCLT,Vanguard Long-Term Corporate Bond Index Fund ETF Shares,77.71,15286692864,82.63,70.92,-,-,-,Vanguard,77.53,-0.551080219,1.972219059,5.693219285
VCR,Vanguard Consumer Discretionary Index Fund ETF Shares,359.25,6381494272,365.08,267.89,-,-,-,Vanguard,359.11,8.857918544,22.041315,17.91413258
VCSH,Vanguard Short-Term Corporate Bond Index Fund ETF Shares,78.4,42078642176,79.54,75.11,-,-,-,Vanguard,78.35,-0.108234338,0.892186707,3.583890583
VDC,Vanguard Consumer Staples Index Fund ETF Shares,213.25,8362862592,222.25,182.12,-,-,-,Vanguard,213.19,0.774111007,3.888121511,6.401666926
VDE,Vanguard Energy Index Fund ETF Shares,130.62,9450727424,137.92,110.51,-,-,-,Vanguard,130.62,1.965200149,6.334304768,1.203240514
VEA,Vanguard FTSE Developed Markets Index Fund ETF Shares,50.92,1.97259E+11,53.4,43.55,-,-,-,Vanguard,50.11,-2.861008226,3.402466983,1.029124934
VEU,Vanguard FTSE All-World ex-US Index Fund ETF Shares,61.37,56741834752,63.81,51.82,-,-,-,Vanguard,60.43,-2.913248579,4.415578138,3.011406903
VFH,Vanguard Financials Index Fund ETF Shares,119.48,11294295040,121.75,81.41,-,-,-,Vanguard,119.45,8.820870761,18.32454843,20.16456911
VGIT,Vanguard Intermediate-Term Treasury Index Fund ETF Shares,58.58,38059032576,60.82,56.83,-,-,-,Vanguard,58.56,-1.000628003,-0.994297461,2.970300017
VGK,Vanguard FTSE Europe ETF,67.5,24528115712,72.08,57.98,-,-,-,Vanguard,66.54,-4.01501858,0.574220297,-1.432117959
VGLT,Vanguard Long-Term Treasury Index Fund ETF Shares,57.48,17452451840,63.41,54.5,-,-,-,Vanguard,57.42,-1.398347644,-2.07446496,3.846470788
VGSH,Vanguard Short-Term Treasury Index Fund ETF Shares,58.27,23751585792,59.13,57.46,-,-,-,Vanguard,58.25,-0.162410625,0.229854345,2.635998892
VGT,Vanguard Information Technology Index Fund ETF Shares,625.57,90410590208,626.45,441.29,-,-,-,Vanguard,625.22,4.323483968,17.50900097,21.62667292
VHT,Vanguard Health Care Index Fund ETF Shares,275.36,20548681728,289.14,227.15,-,-,-,Vanguard,275.26,-0.644533199,1.970598098,6.710388473
VIG,Vanguard Dividend Appreciation Index Fund ETF Shares,201.75,1.00408E+11,203.72,158.46,-,-,-,Vanguard,201.71,2.482974302,10.02400648,13.55486282
VIOG,Vanguard S&P Small-Cap 600 Growth Index Fund ETF Shares,125.3,957085184,126.64,91.34,-,-,-,Vanguard,125.33,7.548134961,12.09148394,13.30491009
VIOO,Vanguard S&P Small-Cap 600 Index Fund ETF Shares,114.26,4706347008,115.48,84,-,-,-,Vanguard,114.31,8.935001159,13.17059294,14.32975737
VIOV,Vanguard S&P Small-Cap 600 Value Index Fund ETF Shares,98.66,1395839104,99.71,73.75,-,-,-,Vanguard,98.67,10.28234781,14.14139357,15.54858608
VIS,Vanguard Industrials Index Fund ETF Shares,272.64,5922478592,276.02,195.15,-,-,-,Vanguard,272.52,5.750614935,15.68774822,14.02089188
VIXM,ProShares VIX Mid-Term Futures ETF,14.16,40507184,19.92,13.77,-,-,-,ProShares,14.148,-9.2028519,-14.41661875,-3.711339895
VIXY,ProShares VIX Short-Term Futures ETF,44.36,194581376,90.08,11.33,-,-,-,ProShares,44.425,-18.20370709,-29.6207786,-9.040368781
VLUE,iShares MSCI USA Value Factor ETF,112.41,6949139456,112.92,89.75,-,-,-,iShares,112.3838,3.310105163,12.07444024,10.8246567
VMBS,Vanguard Mortgage-Backed Securities Index Fund ETF Shares,45.9,19135672320,47.59,43.28,-,-,-,Vanguard,45.85,-0.78861104,-0.203291218,3.796474569
VNM,VanEck Vietnam ETF,12.01,469975392,13.91,11.25,-,-,-,VanEck,12.04,-4.63999939,0.846026938,-5.993692513
VNQ,Vanguard Real Estate Index Fund ETF Shares,94.47,68882079744,99.58,74.51,-,-,-,Vanguard,93.45,2.304733253,6.636672163,17.7687794
VNQI,Vanguard Global ex-U.S. Real Estate Index Fund ETF Shares,44.01,3684582144,47.63,38.62,-,-,-,Vanguard,43.54,-4.121664042,3.00734187,2.934220842
VO,Vanguard Mid-Cap Index Fund ETF Shares,274.59,1.74679E+11,277.1,205.66,-,-,-,Vanguard,274.51,4.993550594,13.7852005,13.59485269
VOE,Vanguard Mid-Cap Value Index Fund ETF Shares,170.86,30911197184,172.35,129.53,-,-,-,Vanguard,170.88,3.642939189,11.36442185,12.77000996
VONE,Vanguard Russell 1000 Index Fund ETF Shares,270.77,7395788288,272.78,198.76,-,-,-,Vanguard,270.94,4.232682004,13.67919325,15.89149247
VONG,Vanguard Russell 1000 Growth Index Fund ETF Shares,102.2,30467239936,102.82,72,-,-,-,Vanguard,102.19,5.133725099,16.53372324,18.93383777
VONV,Vanguard Russell 1000 Value Index Fund ETF Shares,85.29,10975951872,85.96,65.69,-,-,-,Vanguard,85.27,3.238625717,10.57688675,11.75579035
VOO,Vanguard S&P 500 ETF,547.53,1.27849E+12,551.24,402.82,-,-,-,Vanguard,547.46,3.850369126,13.10836641,15.78452909
VOOG,Vanguard S&P 500 Growth Index Fund ETF Shares,363.61,13182499840,365.5726,253.62,-,-,-,Vanguard,363.6,4.615562687,15.91190202,19.79201667
VOOV,Vanguard S&P 500 Value Index Fund ETF Shares,193.97,5487463936,195.64,152.19,-,-,-,Vanguard,193.9,2.92101296,9.399245257,11.06090522
VOT,Vanguard Mid-Cap Growth Index Fund ETF Shares,259.6,26481811456,262.47,191.96,-,-,-,Vanguard,259.65,6.581077936,16.62716922,14.35276882
VOX,Vanguard Communication Services Index Fund ETF Shares,155.29,4411999232,155.64,108.51,-,-,-,Vanguard,155.2,6.479235579,15.26842789,17.08124549
VPL,Vanguard FTSE Pacific Index Fund ETF Shares,76.12,9920669696,79.75,66.48,-,-,-,Vanguard,74.98,-2.591680766,5.319619499,1.937727726
VPU,Vanguard Utilities Index Fund ETF Shares,167.69,8379226624,177.51,128.05,-,-,-,Vanguard,167.82,0.975471011,8.242703573,12.04166068
VSS,Vanguard FTSE All-World ex-US Small-Cap Index Fund ETF Shares,122.22,10791215104,126.8,104.3,-,-,-,Vanguard,120.45,-2.423608192,4.43266994,2.867455017
VT,Vanguard Total World Stock Index Fund ETF Shares,121.75,52693299200,121.97,94.22,-,-,-,Vanguard,120.44,1.79425428,10.20063383,10.92617203
VTHR,Vanguard Russell 3000 Index Fund ETF Shares,264.85,4100482048,266.66,193.96,-,-,-,Vanguard,264.73,4.551164757,13.7284554,15.84767878
VTI,Vanguard Total Stock Market Index Fund ETF Shares,295.33,1.73306E+12,297.37,216.34,-,-,-,Vanguard,295.25,4.508466637,13.68858244,15.85310503
VTIP,Vanguard Short-Term Inflation-Protected Securities Index Fund ETF Shares,48.89,53917057024,49.41,47.17,-,-,-,Vanguard,48.79,-0.102164361,0.700309285,2.602057514
VTV,Vanguard Value Index Fund ETF Shares,177.71,1.8358E+11,179.26,137.1,-,-,-,Vanguard,177.67,2.435809321,10.17071442,12.34314447
VTWG,Vanguard Russell 2000 Growth Index Fund ETF Shares,223.42,1256116736,225.76,153.25,-,-,-,Vanguard,223.45,10.55751693,17.74674295,18.6601675
VTWO,Vanguard Russell 2000 Index Fund ETF Shares,95.65,12064867328,96.48,67.74,-,-,-,Vanguard,95.56,9.850643575,15.61363321,16.61319612
VTWV,Vanguard Russell 2000 Value Index Fund ETF Shares,155.79,900820864,157.9,114.22,-,-,-,Vanguard,155.78,9.137730294,13.33218722,14.53279049
VUG,Vanguard Growth Index Fund ETF Shares,406.46,2.62076E+11,408.73,286.45,-,-,-,Vanguard,406.45,5.349029844,15.92107082,18.91258373
VV,Vanguard Large Cap Index Fund,273.87,55148462080,275.65,201.03,-,-,-,Vanguard,273.82,3.96581976,13.19164656,16.11168121
VWO,Vanguard Emerging Markets Stock Index Fund,47.98,1.12966E+11,49.57,38.83,-,-,-,Vanguard,47.18,-2.133445782,8.030298853,8.621779672
VWOB,Vanguard Emerging Markets Government Bond Index Fund,64.77,5840965632,66.65,58.72,-,-,-,Vanguard,63.89,0.148119353,2.677055706,5.384735337
VXF,Vanguard Extended Market Index Fund ETF Shares,196.75,1.07111E+11,198.34,138.57,-,-,-,Vanguard,196.73,9.237210252,17.97724949,16.4430288
VXUS,Vanguard Total International Stock Index Fund ETF Shares,63.1,4.41684E+11,65.52,53.37,-,-,-,Vanguard,62.07,-2.651400058,4.503892193,3.025892975
VYM,Vanguard High Dividend Yield Index Fund ETF Shares,131.78,72643035136,132.854,102.21,-,-,-,Vanguard,131.75,2.896634002,10.88729103,12.59812359
WEAT,Teucrium Wheat,5.11,128186264,6.48,4.71,-,-,-,Teucrium,5.1351,-5.89318057,1.996005989,-14.69114643
WIP,SPDR FTSE International Government Inflation-Protected Bond ETF,38.24,326252864,42.42,37.21,-,-,-,SPDR State Street Global Advisors,38.20896,-2.795491867,-2.326494093,-1.296983868
XAR,SPDR S&P Aerospace & Defense ETF,162.86,2706631168,169.1,120.93,-,-,-,SPDR State Street Global Advisors,162.80907,7.324840764,15.59687788,18.39917107
XBI,SPDR S&P Biotech ETF,103.01,7244102144,104.23,64.99,-,-,-,SPDR State Street Global Advisors,102.984,8.27270732,9.679347843,17.24572661
XES,SPDR S&P Oil & Gas Equipment & Services ETF,84.96,194823920,99.22,75.26,-,-,-,SPDR State Street Global Advisors,84.92565,0.035819995,-3.138607009,-9.722664228
XHB,SPDR S&P Homebuilders ETF,118.18,2164467712,126.07,76.56,-,-,-,SPDR State Street Global Advisors,118.16092,-1.313057265,10.49687673,10.6446654
XLB,The Materials Select Sector SPDR Fund,95.34,5670087168,97.87,76.81,-,-,-,SPDR State Street Global Advisors,95.31281,-0.839713919,7.064941124,3.939483553
XLE,The Energy Select Sector SPDR Fund,93.13,35340095488,98.97,78.98,-,-,-,SPDR State Street Global Advisors,93.21231,1.637036179,5.956975673,0.989189439
XLF,The Financial Select Sector SPDR Fund,48.75,44671885312,49.68,33.74,-,-,-,SPDR State Street Global Advisors,48.78885,7.801879192,16.93130723,18.94378092
XLG,Invesco S&P 500 Top 50 ETF,49.69,7121779200,49.93,35.43,-,-,-,Invesco,49.09,4.095275929,14.31757862,18.46011091
XLI,The Industrial Select Sector SPDR Fund,140.58,19834613760,142.53,102.13,-,-,-,SPDR State Street Global Advisors,140.60048,4.485617029,14.72020533,13.89524816
XLK,The Technology Select Sector SPDR Fund,237.42,69398495232,238.14,177.72,-,-,-,SPDR State Street Global Advisors,237.48038,2.929560302,16.05978874,16.22365136
XLP,The Consumer Staples Select Sector SPDR Fund,79.85,16809142272,84.53,68.84,-,-,-,SPDR State Street Global Advisors,79.82855,-0.455724517,2.808402478,6.0675094
XLU,The Utilities Select Sector SPDR Fund,77.69,18338772992,82.5,59.14,-,-,-,SPDR State Street Global Advisors,77.70501,0.789209223,8.664884184,12.64268673
XLV,The Health Care Select Sector SPDR Fund,149.11,39815700480,159.64,125.67,-,-,-,SPDR State Street Global Advisors,149.02429,-1.69536658,1.00516715,5.604173782
XLY,The Consumer Discretionary Select Sector SPDR Fund,212.11,19954391040,216.27,159.97,-,-,-,SPDR State Street Global Advisors,212.12038,8.965655512,23.8029477,20.94226178
XME,SPDR S&P Metals and Mining ETF,69.67,1843959680,70.49,49.08,-,-,-,SPDR State Street Global Advisors,69.67245,8.727040713,20.91114599,12.08737459
XMHQ,Invesco S&P MidCap Quality ETF,105.36,5690857984,110.61,79.32,-,-,-,Invesco,105.31,3.414878275,9.443929559,-1.279651736
XMLV,Invesco S&P MidCap Low Volatility ETF,63.27,826007552,64.14,49.06,-,-,-,Invesco,63.64,5.597753158,11.27544702,13.26603224
XMMO,Invesco S&P MidCap Momentum ETF,129.77,2635296768,130.89,79.69,-,-,-,Invesco,129.6,8.278718768,15.46218068,13.79129964
XMPT,VanEck CEF Municipal Income ETF,22.27,227489520,23.21,19.39,-,-,-,VanEck,22.24,-2.007852848,0.178495831,5.300192703
XNTK,SPDR NYSE Technology ETF,207.8003,823217728,207.8,145.84,-,-,-,SPDR State Street Global Advisors,207.83215,2.387072214,16.63664219,15.15842423
XOP,SPDR S&P Oil & Gas Exploration & Production ETF,139.04,2411393536,162.49,124.12,-,-,-,SPDR State Street Global Advisors,139.05951,0.625176124,2.668816926,-6.627993839
XPP,ProShares Ultra FTSE China 50,22.4,21199092,28.81,10.27,-,-,-,ProShares,22.4115,-11.98934595,41.36946539,10.85011535
XRT,SPDR S&P Retail ETF,79.62,374548224,80.1,59.24,-,-,-,SPDR State Street Global Advisors,79.59438,5.701701572,7.81804091,3.74836238
XSD,SPDR S&P Semiconductor ETF,249.61,1297697664,273.98,181.61,-,-,-,SPDR State Street Global Advisors,249.76639,4.943469406,16.80364176,9.027869032
XSMO,Invesco S&P SmallCap Momentum ETF,71.8,1075782400,72.6,47.9,-,-,-,Invesco,72.12,10.44752743,17.02540296,19.77803352
XSVM,Invesco S&P SmallCap Value with Momentum ETF,58.54,786944896,60.22,46.48,-,-,-,Invesco,59.23,9.08754023,10.56390762,6.442275573
XYLD,Global X S&P 500 Covered Call ETF,42.1,2778298368,42.17,37.93,-,-,-,Global X Funds,42.08,1.030434483,6.680160322,4.382274039
YANG,Direxion Daily FTSE China Bear 3X Shares,60.63,186510656,383.2,8.32,-,-,-,Direxion Funds,60.592,9.351847644,-61.57266651,-48.65217347
YCL,ProShares Ultra Yen,21.71,43982684,27.74,20.01,-,-,-,ProShares,21.696,-5.974030499,-8.816122621,0.277005847
YINN,Direxion Daily FTSE China Bull 3X Shares,38.53,2015933312,59.26,13.4,-,-,-,Direxion Funds,38.574,-19.93521004,56.65529356,7.10000356
YXI,ProShares Short FTSE China 50,12.96,4402943,21.88,11.7,-,-,-,ProShares,12.9569,4.656485793,-22.542376,-14.20525387
YYY,Amplify High Income ETF,12.13,524701888,12.4,11.03,-,-,-,Amplify ETFs,12.0212,-0.081834932,3.299495376,2.090300997
ZROZ,PIMCO 25+ Year Zero Coupon U.S. Treasury Index Exchange-Traded Fund,74.05,1732488448,87.9,69.3,-,-,-,PIMCO,74.05,-1.532667019,-4.025826549,3.523138172
ZSL,ProShares UltraShort Silver,35.26,32622394,87.08,10.87,-,-,-,ProShares,35.777,-3.128292357,-26.65207555,-27.74510103
